temperature,humidity,wind_speed,solar_radiation,heat_index,wbgt,utci,vulnerability_score,population_density,hour,day_of_year,heat_exposure_duration,htsi
26.86,87.66,1.31,0.0,30.12,25.7,27.0,39.67,9200.0,6,103,0.0,36.78
30.33,85.06,7.9,6.45,40.3,28.85,29.04,81.59,9200.0,19,171,0.0,42.71
41.82,56.61,1.88,801.59,67.03,38.03,44.17,45.89,8500.0,14,140,4.0,68.11
36.87,55.95,2.92,819.81,48.6,33.07,38.68,65.55,3100.0,10,162,0.0,60.61
34.39,76.59,1.1,270.51,51.8,32.63,35.74,44.02,8500.0,7,128,0.0,54.37
27.34,84.39,0.69,23.65,31.03,25.93,27.74,73.71,3100.0,20,117,0.0,41.14
27.99,84.14,1.66,0.0,32.72,26.45,28.07,83.63,4200.0,6,92,0.0,43.57
28.58,91.61,2.38,39.84,35.98,27.86,28.75,42.22,9200.0,18,173,0.0,42.89
26.02,79.09,1.25,47.68,27.68,24.17,26.4,77.01,8500.0,22,159,0.0,38.02
36.93,53.9,2.64,829.75,47.66,32.94,38.9,47.19,9200.0,10,116,0.0,56.26
36.43,56.62,0.5,796.28,47.64,34.7,39.87,36.82,8500.0,10,91,0.0,59.51
28.82,90.25,3.1,0.0,36.52,27.89,28.65,37.63,4200.0,23,127,0.0,40.31
26.15,94.6,1.64,94.06,28.63,25.88,26.69,62.69,3100.0,20,92,0.0,40.32
27.79,91.66,1.11,0.0,33.36,27.01,27.99,78.79,4200.0,3,105,0.0,44.77
31.74,84.3,1.37,241.87,45.25,30.77,32.88,80.88,8500.0,7,129,0.0,54.07
29.17,86.74,2.15,28.91,36.84,27.94,29.32,66.83,8500.0,23,91,0.0,43.66
26.97,85.79,4.01,0.0,30.23,25.62,26.69,62.73,4900.0,2,170,0.0,36.25
29.54,83.52,2.31,0.0,37.19,27.91,29.48,64.36,9200.0,21,130,0.0,42.78
28.57,92.35,0.86,20.82,36.11,27.92,28.97,80.04,4200.0,20,101,0.0,47.14
26.68,92.56,2.24,30.75,30.06,26.06,26.87,39.74,3100.0,1,124,0.0,38.42
31.63,90.16,1.63,0.0,47.4,30.66,31.75,69.0,8500.0,23,154,0.0,50.98
41.95,56.98,3.12,875.64,67.94,37.95,43.66,81.46,4900.0,11,144,1.0,71.73
28.75,82.35,1.41,30.53,34.53,27.09,29.05,50.77,4200.0,5,134,0.0,40.13
28.8,78.19,3.08,0.0,33.82,26.64,28.58,41.55,9200.0,1,168,0.0,36.44
26.0,83.72,5.6,14.43,27.8,24.48,25.63,41.45,9200.0,20,179,0.0,32.61
27.38,77.94,5.2,0.0,30.37,25.24,26.87,70.54,4900.0,0,174,0.0,36.11
42.33,49.05,2.42,915.96,62.02,37.34,44.53,40.67,9200.0,11,151,1.0,66.16
28.68,92.0,1.85,0.0,36.45,27.93,28.76,67.05,9200.0,21,138,0.0,46.08
40.52,52.84,2.45,960.05,58.71,36.37,42.84,74.81,4900.0,11,114,1.0,69.81
32.69,71.53,1.35,442.03,43.14,30.8,34.42,74.62,9200.0,16,112,0.0,53.46
35.63,57.47,1.04,673.22,45.68,32.68,38.17,49.11,4200.0,9,113,0.0,54.55
36.8,64.03,1.55,688.21,53.3,34.29,39.09,62.75,9200.0,15,127,5.0,62.09
41.27,52.82,6.8,811.29,61.42,36.14,40.79,59.26,9200.0,14,117,4.0,63.08
37.47,52.53,2.66,828.27,48.48,33.23,39.41,74.48,4900.0,14,110,4.0,60.56
27.29,86.87,1.97,15.66,31.18,26.07,27.42,73.46,3100.0,18,143,0.0,40.09
41.18,47.76,1.88,948.04,56.98,36.41,43.83,76.12,4200.0,11,107,1.0,67.05
29.01,84.3,1.08,0.0,35.72,27.47,29.2,79.95,9200.0,22,125,0.0,45.2
26.0,82.76,1.0,0.0,27.77,24.37,26.16,81.16,4200.0,19,134,0.0,37.59
28.53,91.66,0.77,34.95,35.83,27.87,29.02,74.75,8500.0,2,162,0.0,47.78
27.56,77.44,1.56,0.0,30.71,25.36,27.64,62.67,4200.0,4,142,0.0,37.97
31.03,89.0,5.75,0.0,44.4,29.95,30.15,45.12,4900.0,18,119,0.0,45.29
30.09,85.19,0.5,0.0,39.5,28.62,30.43,77.61,8500.0,6,149,0.0,48.18
30.91,84.38,3.55,16.46,42.16,29.37,30.64,72.26,8500.0,20,121,0.0,46.14
34.3,68.78,2.51,525.5,47.19,31.86,35.71,69.44,3100.0,8,156,0.0,54.26
30.06,84.61,1.05,0.0,39.24,28.54,30.29,71.41,4200.0,6,156,0.0,45.66
29.1,75.7,2.02,284.91,34.09,27.27,30.12,72.59,3100.0,17,117,0.0,45.76
26.25,88.93,2.03,0.0,28.63,25.22,26.29,61.52,3100.0,3,133,0.0,38.46
42.65,51.28,2.07,977.46,65.26,38.26,45.25,66.77,8500.0,13,168,3.0,72.39
31.13,69.11,2.68,240.83,37.69,28.34,31.77,35.62,4900.0,17,130,0.0,41.89
33.27,72.83,6.11,465.48,45.63,30.92,33.28,80.54,3100.0,8,152,0.0,52.52
29.06,85.67,3.39,72.72,36.22,27.78,29.11,61.04,4200.0,20,112,0.0,42.87
31.34,83.07,2.68,0.0,43.23,29.63,31.18,70.45,9200.0,1,164,0.0,47.09
28.5,85.03,0.58,54.22,34.35,27.26,29.11,61.81,4900.0,19,137,0.0,42.92
36.38,58.26,1.41,850.67,48.37,33.64,39.16,36.33,8500.0,14,121,4.0,57.86
30.19,85.18,2.52,0.0,39.86,28.72,30.09,41.17,4200.0,6,146,0.0,42.86
39.68,50.24,1.09,887.62,53.89,35.92,42.8,68.26,8500.0,11,122,1.0,67.0
30.9,74.59,1.69,233.67,38.75,28.82,31.86,70.71,3100.0,7,113,0.0,46.25
37.75,46.6,2.02,769.89,46.03,32.71,39.87,65.63,4200.0,14,128,4.0,57.77
30.43,84.68,0.5,13.21,40.53,28.96,30.89,61.98,4200.0,2,123,0.0,46.48
43.21,49.42,1.7,965.89,65.6,38.65,46.05,40.42,8500.0,13,145,3.0,70.75
33.87,71.14,1.19,475.18,46.91,32.04,35.79,77.27,8500.0,16,117,0.0,56.58
29.84,77.72,1.49,0.0,36.56,27.59,29.94,35.56,9200.0,3,126,0.0,39.59
31.68,81.52,0.96,252.06,43.86,30.56,33.01,36.99,9200.0,17,96,0.0,47.48
29.85,80.13,3.49,222.06,37.23,28.21,30.28,47.7,8500.0,7,157,0.0,43.85
29.97,89.34,5.49,18.92,40.41,28.96,29.33,76.06,4900.0,3,126,0.0,44.02
27.43,88.76,2.46,12.97,31.82,26.39,27.47,68.83,9200.0,1,145,0.0,39.44
27.85,85.07,0.73,0.0,32.49,26.41,28.09,32.98,9200.0,5,154,0.0,38.15
29.29,85.91,1.72,0.0,37.01,27.91,29.37,72.85,3100.0,21,154,0.0,44.86
39.7,57.86,6.95,675.62,59.68,35.27,39.08,77.03,9200.0,9,136,0.0,60.85
27.02,80.63,2.37,0.0,29.84,25.15,26.97,63.32,4200.0,3,109,0.0,36.72
29.9,81.12,2.05,6.29,37.67,28.02,29.93,78.53,4900.0,21,108,0.0,45.58
28.78,74.78,0.64,233.71,33.11,27.13,30.09,69.05,4200.0,17,118,0.0,43.45
41.9,62.26,2.59,908.72,73.1,38.87,44.07,72.73,4900.0,11,163,1.0,74.23
30.37,78.04,0.96,10.9,38.22,28.17,30.68,60.16,3100.0,1,149,0.0,45.95
39.48,63.59,1.23,617.21,63.58,36.77,41.83,46.26,4200.0,9,107,0.0,65.02
26.8,86.08,2.55,0.0,29.83,25.49,26.76,73.41,3100.0,3,124,0.0,39.38
40.59,53.49,3.43,904.05,59.47,36.15,42.19,77.56,4900.0,13,132,3.0,68.41
36.26,64.65,2.14,782.8,51.72,33.81,38.45,38.12,4900.0,15,100,5.0,58.1
36.06,49.91,4.54,813.41,43.24,31.2,37.09,72.19,4200.0,14,138,4.0,55.95
33.84,86.0,3.62,279.05,55.1,32.83,34.28,74.77,8500.0,7,127,0.0,56.72
38.8,50.67,3.11,878.11,51.39,34.13,40.56,78.19,3100.0,13,153,3.0,61.99
28.61,78.47,1.63,39.24,33.4,26.58,28.89,48.39,4200.0,22,158,0.0,38.23
30.88,77.47,1.18,250.18,39.61,29.26,32.07,73.16,3100.0,7,97,0.0,50.45
30.24,87.83,3.95,0.0,40.89,29.04,29.82,40.27,3100.0,20,123,0.0,42.88
37.4,60.57,1.56,637.95,53.2,34.28,39.54,73.66,9200.0,15,137,5.0,62.32
40.46,53.52,2.17,900.54,59.03,36.41,42.83,40.03,4200.0,12,145,2.0,66.37
32.46,73.91,0.5,207.53,43.4,30.59,33.84,57.94,4900.0,17,165,0.0,50.29
39.06,56.64,0.79,899.19,56.37,36.78,42.53,73.42,9200.0,14,154,4.0,68.01
26.94,82.71,1.78,0.0,29.85,25.28,26.99,35.26,9200.0,20,120,0.0,33.84
28.97,90.39,0.79,47.21,37.08,28.22,29.53,81.43,4200.0,23,93,0.0,48.3
41.3,54.87,2.56,970.03,63.33,37.36,43.58,59.36,3100.0,12,139,2.0,70.47
33.6,68.37,1.75,535.94,44.67,31.37,35.39,67.9,4900.0,8,158,0.0,53.84
39.98,57.44,2.05,848.21,60.43,36.49,42.34,67.99,8500.0,14,119,4.0,67.66
42.6,44.66,0.93,903.31,59.15,37.9,45.94,48.15,3100.0,12,177,2.0,68.96
28.34,85.4,1.44,69.23,33.95,27.1,28.81,69.5,9200.0,0,148,0.0,43.3
27.73,82.97,1.91,0.0,31.85,26.08,27.76,78.34,4900.0,6,156,0.0,40.24
33.29,66.7,1.18,549.44,42.95,31.18,35.4,72.39,4900.0,8,164,0.0,54.05
29.5,85.84,1.02,49.12,37.68,28.25,30.0,44.97,4200.0,23,134,0.0,44.19
29.65,83.16,0.93,0.0,37.47,27.98,29.89,60.17,9200.0,0,93,0.0,43.8
40.43,49.62,3.8,878.54,55.91,35.31,41.74,47.51,4200.0,11,115,1.0,62.98
29.62,76.23,1.84,165.27,35.58,27.59,30.31,76.03,8500.0,7,116,0.0,45.26
28.51,88.76,4.56,6.16,35.16,27.45,28.11,63.56,4900.0,23,135,0.0,41.22
39.71,61.31,1.41,787.23,62.56,36.98,42.37,47.32,8500.0,10,153,0.0,66.05
26.0,85.52,1.27,0.0,27.87,24.64,26.13,45.18,4200.0,18,140,0.0,34.93
38.17,63.24,1.93,506.77,57.95,34.92,39.77,42.4,9200.0,16,139,6.0,59.94
30.56,71.64,3.53,256.62,36.9,28.04,31.02,44.78,4200.0,7,95,0.0,42.51
26.76,87.75,1.72,0.0,29.85,25.6,26.84,61.03,4900.0,2,148,0.0,38.52
26.0,88.83,1.07,8.12,27.99,24.99,26.23,71.46,3100.0,2,104,0.0,37.45
29.86,91.26,0.86,0.0,40.58,29.02,30.15,62.46,4200.0,0,119,0.0,47.16
26.79,82.02,1.34,0.0,29.44,25.07,26.91,59.6,4900.0,4,131,0.0,36.63
39.26,62.36,1.9,663.82,61.61,36.17,41.28,40.37,9200.0,9,126,0.0,63.44
27.28,89.97,1.99,23.53,31.55,26.39,27.46,72.71,4900.0,6,131,0.0,41.37
35.63,69.69,3.11,452.8,52.53,33.01,36.58,32.07,3100.0,8,124,0.0,54.35
26.78,78.87,2.21,14.28,29.16,24.77,26.85,38.11,4900.0,6,176,0.0,33.13
34.97,65.28,2.78,469.69,47.63,31.92,36.1,69.63,4200.0,8,95,0.0,54.83
32.1,74.03,1.35,203.35,42.26,29.9,33.08,38.4,8500.0,7,157,0.0,46.22
39.69,51.97,4.6,945.08,55.15,34.96,40.76,79.85,9200.0,11,107,1.0,65.47
30.89,83.86,2.38,0.0,41.88,29.27,30.81,42.35,4200.0,1,162,0.0,43.2
27.58,83.37,1.47,11.8,31.5,26.0,27.76,62.87,3100.0,0,118,0.0,39.86
35.26,62.93,3.31,687.12,47.34,32.19,36.67,69.02,4900.0,15,166,5.0,56.98
28.89,81.64,1.62,10.62,34.8,27.11,29.05,37.66,4900.0,22,148,0.0,38.03
28.09,87.54,4.17,0.0,33.6,26.9,27.74,76.3,3100.0,22,136,0.0,42.31
27.39,89.67,2.02,0.0,31.83,26.42,27.43,62.62,4200.0,23,106,0.0,41.18
26.68,83.76,1.11,0.0,29.33,25.14,26.84,37.84,4200.0,4,111,0.0,35.04
27.17,84.07,4.08,0.0,30.55,25.64,26.86,37.97,4900.0,2,157,0.0,33.58
39.71,53.8,5.02,900.85,56.58,35.14,40.48,34.8,3100.0,11,158,1.0,62.45
32.05,74.95,4.75,210.9,42.45,29.71,31.98,77.53,8500.0,7,126,0.0,47.99
29.22,84.2,0.5,13.3,36.38,27.73,29.65,70.37,4200.0,21,138,0.0,44.6
26.0,85.54,1.81,0.0,27.87,24.64,26.06,38.15,4900.0,2,102,0.0,35.0
27.16,81.96,4.83,0.0,30.3,25.42,26.73,47.93,8500.0,0,123,0.0,33.31
29.23,84.43,4.38,21.24,36.47,27.74,28.87,43.31,4200.0,2,175,0.0,40.14
27.86,83.51,1.03,20.57,32.28,26.33,28.19,68.9,4200.0,4,142,0.0,41.55
38.47,56.35,1.79,833.47,54.11,35.04,40.96,46.65,8500.0,14,176,4.0,62.56
36.41,49.96,1.47,923.67,44.17,32.67,39.29,45.55,4200.0,13,140,3.0,57.8
29.56,78.27,1.74,0.0,35.92,27.38,29.61,69.85,4900.0,2,92,0.0,42.2
28.8,81.8,4.47,24.37,34.57,27.05,28.45,59.13,4200.0,0,131,0.0,39.83
27.24,87.0,2.48,0.0,31.06,26.0,27.19,39.86,8500.0,4,121,0.0,36.94
26.18,78.25,2.16,0.0,27.93,24.1,26.17,75.63,3100.0,22,140,0.0,34.92
41.31,44.23,1.76,919.22,54.72,35.95,43.95,70.6,9200.0,13,174,3.0,68.3
27.07,90.3,3.63,6.32,30.96,26.17,26.9,41.96,9200.0,6,135,0.0,35.81
33.55,64.78,2.17,545.65,42.91,30.79,35.15,39.34,8500.0,8,110,0.0,49.66
39.91,51.21,1.73,846.5,55.35,35.66,42.44,48.29,8500.0,14,133,4.0,62.27
41.44,56.57,1.67,811.71,65.42,37.81,43.96,61.5,4200.0,14,100,4.0,69.03
38.84,59.1,2.43,689.38,57.42,35.22,40.6,84.62,9200.0,9,157,0.0,66.32
44.02,56.39,2.38,997.09,76.38,40.21,46.47,61.52,9200.0,12,90,2.0,74.91
28.15,81.22,1.82,0.0,32.68,26.32,28.19,44.63,8500.0,18,152,0.0,37.98
26.06,89.14,4.48,41.26,28.16,25.11,25.96,58.81,9200.0,6,113,0.0,36.61
32.1,62.0,4.9,479.63,37.94,28.64,32.59,69.25,3100.0,16,102,0.0,47.0
28.26,86.12,6.21,38.83,33.85,26.97,27.69,71.04,3100.0,19,100,0.0,40.64
26.0,76.84,0.81,44.92,27.55,23.94,26.43,45.94,9200.0,3,140,0.0,34.37
29.45,81.61,1.6,0.0,36.44,27.63,29.54,74.2,4900.0,4,106,0.0,42.83
28.88,86.85,1.83,41.19,35.93,27.7,29.16,43.33,4200.0,22,171,0.0,41.65
26.0,77.15,0.99,0.0,27.56,23.82,26.14,71.44,9200.0,6,175,0.0,33.71
42.92,47.45,2.26,1042.25,62.68,37.92,45.5,41.29,4900.0,12,113,2.0,70.53
42.93,55.54,3.18,827.12,70.65,38.53,44.46,79.6,4900.0,14,108,4.0,72.26
39.23,48.24,3.82,905.02,51.15,34.05,40.64,77.2,3100.0,10,126,0.0,63.85
29.46,90.51,1.92,0.0,38.86,28.55,29.51,60.01,4200.0,3,174,0.0,43.72
44.62,41.53,2.77,1003.67,63.04,38.11,46.67,60.7,9200.0,12,97,2.0,71.82
29.88,81.63,1.38,0.0,37.74,28.04,30.01,40.1,3100.0,6,117,0.0,41.17
29.49,87.61,3.09,0.0,38.13,28.28,29.28,43.69,9200.0,18,94,0.0,40.69
29.1,78.78,2.48,4.03,34.74,26.99,29.03,72.57,8500.0,21,106,0.0,40.93
26.21,85.54,2.29,0.0,28.36,24.85,26.21,58.69,9200.0,1,125,0.0,36.55
38.43,60.42,1.25,670.69,56.85,35.48,40.87,45.0,3100.0,9,108,0.0,61.68
39.83,53.05,3.38,964.06,56.43,35.5,41.62,59.7,4900.0,12,153,2.0,65.36
27.52,79.1,2.51,56.44,30.81,25.59,27.7,68.91,8500.0,20,100,0.0,38.5
28.44,81.02,7.76,0.0,33.42,26.58,27.38,48.77,3100.0,5,143,0.0,35.21
40.54,50.63,1.0,949.16,57.05,37.06,43.93,77.02,3100.0,11,134,1.0,69.59
41.18,46.53,2.32,935.16,56.04,35.98,43.48,62.27,8500.0,11,136,1.0,66.52
28.27,85.39,2.87,33.75,33.74,26.92,28.3,39.18,9200.0,19,101,0.0,39.02
40.74,52.89,1.58,800.4,59.53,36.65,43.27,45.27,9200.0,10,110,0.0,65.75
27.24,89.23,2.46,47.94,31.32,26.31,27.43,78.0,4900.0,22,100,0.0,42.86
32.1,81.59,3.02,0.0,45.42,30.2,31.82,73.22,3100.0,6,94,0.0,48.52
28.25,96.0,1.91,0.0,35.75,27.9,28.32,72.37,4900.0,0,170,0.0,45.2
29.43,88.89,1.51,0.0,38.29,28.36,29.56,78.7,9200.0,0,145,0.0,47.38
28.56,79.91,1.61,0.0,33.52,26.58,28.63,74.15,4200.0,19,109,0.0,42.21
41.28,50.06,2.5,932.15,59.13,36.55,43.47,74.0,4900.0,12,130,2.0,69.01
34.09,68.36,1.08,544.25,46.25,32.19,36.26,35.04,3100.0,8,135,0.0,52.45
26.0,83.29,4.06,0.0,27.79,24.42,25.76,72.79,3100.0,2,101,0.0,35.22
31.42,76.96,0.5,82.49,41.16,29.39,32.25,74.17,4900.0,6,159,0.0,48.47
26.93,85.57,2.73,80.62,30.1,25.7,27.2,38.09,4900.0,5,106,0.0,34.68
31.93,68.26,4.41,271.57,39.59,28.94,32.1,70.9,8500.0,7,108,0.0,45.77
38.0,69.52,0.95,464.72,62.15,35.9,40.1,51.7,9200.0,8,115,0.0,62.03
27.82,81.63,3.47,26.18,31.88,26.08,27.71,61.98,9200.0,4,137,0.0,37.62
29.47,86.7,1.03,0.0,37.84,28.18,29.7,41.44,4200.0,0,141,0.0,42.64
28.78,91.69,4.3,0.0,36.73,28.0,28.38,78.82,8500.0,18,159,0.0,44.85
36.36,62.1,1.68,637.0,50.54,33.46,38.43,83.82,9200.0,9,144,0.0,62.16
41.69,44.75,7.01,932.64,56.28,35.35,41.24,62.04,3100.0,11,164,1.0,62.64
29.1,76.68,3.32,0.0,34.29,26.77,28.82,47.47,9200.0,23,122,0.0,38.59
38.6,58.33,5.41,840.99,55.96,34.64,39.17,41.27,3100.0,14,151,4.0,59.39
28.14,88.04,3.36,11.15,33.84,27.02,28.0,33.65,4200.0,21,177,0.0,37.91
27.54,89.33,1.98,0.0,32.22,26.53,27.58,80.8,4900.0,23,112,0.0,42.79
37.27,68.97,2.22,461.24,58.57,34.64,38.62,68.59,9200.0,8,104,0.0,61.07
29.18,85.37,2.43,0.0,36.52,27.75,29.11,79.66,3100.0,19,116,0.0,44.74
31.85,64.71,0.5,496.48,38.19,30.18,34.23,75.68,4200.0,16,164,0.0,51.22
33.36,65.51,1.5,442.94,42.66,30.67,34.99,80.75,9200.0,16,153,0.0,55.38
27.38,88.08,0.96,17.11,31.58,26.3,27.7,41.83,3100.0,19,170,0.0,39.01
42.16,40.0,4.31,881.13,54.12,35.15,43.03,32.01,4200.0,11,140,1.0,61.8
26.51,78.58,1.69,0.0,28.59,24.46,26.56,78.19,9200.0,6,142,0.0,36.06
31.34,89.64,3.13,0.0,45.96,30.33,31.09,36.53,9200.0,1,167,0.0,47.04
26.0,86.03,4.11,22.77,27.89,24.73,25.87,39.29,8500.0,2,171,0.0,33.72
35.55,67.58,1.48,496.55,50.95,33.13,37.37,71.0,8500.0,16,140,6.0,59.27
27.28,80.88,0.94,15.08,30.47,25.48,27.57,82.78,4200.0,4,136,0.0,40.81
34.11,62.3,7.21,430.01,43.49,30.38,33.54,39.07,4900.0,16,93,0.0,44.36
29.97,79.09,2.91,0.0,37.31,27.86,29.76,46.35,4200.0,23,96,0.0,40.22
33.48,65.0,1.02,520.65,42.81,31.19,35.6,38.01,9200.0,16,124,0.0,51.13
33.2,72.41,0.83,436.45,45.19,31.68,35.19,47.63,3100.0,16,137,0.0,52.1
28.12,81.82,2.08,49.16,32.7,26.45,28.36,37.49,4200.0,1,162,0.0,35.88
28.34,84.05,0.5,110.75,33.68,27.26,29.23,75.94,8500.0,1,161,0.0,45.17
28.75,86.44,1.48,0.0,35.42,27.44,28.88,59.14,8500.0,21,134,0.0,43.0
27.6,79.6,5.95,79.97,31.07,25.72,27.25,81.42,9200.0,22,170,0.0,39.59
26.01,88.9,4.95,0.0,28.01,24.98,25.66,59.42,4900.0,4,170,0.0,34.9
27.87,77.15,4.36,31.68,31.36,25.67,27.6,73.03,8500.0,0,161,0.0,37.41
27.29,82.33,3.48,0.0,30.65,25.59,27.07,69.3,4900.0,0,108,0.0,38.65
29.87,85.16,3.17,5.37,38.73,28.41,29.66,73.29,3100.0,18,152,0.0,44.69
30.0,92.47,4.02,0.0,41.53,29.29,29.6,36.43,8500.0,1,127,0.0,43.46
26.0,83.07,3.66,0.0,27.78,24.4,25.81,77.69,8500.0,20,156,0.0,35.56
43.06,47.76,2.97,875.56,63.46,37.54,44.76,38.21,3100.0,11,148,1.0,66.9
29.2,80.67,5.52,0.0,35.46,27.28,28.49,66.66,9200.0,5,158,0.0,40.05
26.78,86.46,0.89,0.0,29.8,25.5,26.98,73.03,3100.0,22,102,0.0,40.49
27.23,81.84,5.51,29.0,30.46,25.52,26.82,76.33,4900.0,3,136,0.0,36.46
29.71,91.76,5.67,0.0,40.19,28.93,28.97,74.19,9200.0,22,150,0.0,44.96
40.85,55.35,8.5,863.94,62.01,36.09,39.67,40.04,3100.0,10,120,0.0,61.72
27.94,88.08,2.24,0.0,33.22,26.8,27.93,37.92,4200.0,23,169,0.0,38.94
34.3,75.57,2.52,485.92,50.85,32.58,35.64,59.01,4200.0,16,111,0.0,56.37
27.85,83.71,2.19,0.0,32.27,26.27,27.83,72.08,9200.0,5,175,0.0,42.08
27.58,78.92,3.88,0.0,30.93,25.53,27.27,73.15,4200.0,23,132,0.0,38.28
28.58,79.23,3.34,0.0,33.44,26.53,28.32,80.91,4900.0,4,156,0.0,39.78
27.32,88.59,2.22,7.35,31.48,26.26,27.37,70.76,9200.0,19,143,0.0,40.95
26.11,84.08,3.93,0.0,28.06,24.61,25.89,44.02,4900.0,1,99,0.0,33.28
28.35,90.21,8.5,34.45,34.93,27.46,27.34,64.23,3100.0,5,131,0.0,41.54
26.19,85.52,1.54,0.57,28.3,24.83,26.29,80.97,3100.0,21,153,0.0,39.52
37.34,51.5,1.05,833.45,47.54,33.89,40.32,79.95,3100.0,10,110,0.0,63.69
38.56,67.34,0.82,664.71,62.79,36.93,41.37,62.25,8500.0,15,169,5.0,67.44
37.06,58.2,4.14,641.21,50.54,33.06,37.89,77.18,8500.0,15,165,5.0,58.1
31.71,78.44,1.04,0.0,42.68,29.48,31.94,69.61,4200.0,0,155,0.0,45.55
31.19,66.33,1.8,506.86,37.01,28.77,32.87,64.39,8500.0,8,130,0.0,48.15
27.1,81.2,1.7,0.0,30.09,25.29,27.17,59.79,8500.0,5,113,0.0,36.9
40.11,58.11,1.23,685.02,61.47,36.77,42.62,58.86,9200.0,15,124,5.0,66.65
28.25,82.83,1.66,0.0,33.23,26.58,28.33,39.84,9200.0,2,145,0.0,37.53
29.73,83.85,3.67,0.0,37.89,28.13,29.38,39.52,4200.0,19,119,0.0,40.47
26.13,88.43,2.81,14.47,28.31,25.08,26.16,38.96,4900.0,3,146,0.0,35.18
27.53,87.22,0.5,0.0,31.9,26.31,27.81,36.89,9200.0,18,136,0.0,39.26
26.51,77.05,0.5,8.38,28.5,24.34,26.81,76.32,8500.0,2,124,0.0,36.59
28.26,90.21,2.33,0.0,34.63,27.33,28.24,40.04,3100.0,18,108,0.0,39.28
27.95,75.92,1.87,0.0,31.38,25.58,27.97,68.87,9200.0,19,97,0.0,38.68
26.78,77.38,2.57,4.29,29.05,24.61,26.74,37.04,3100.0,6,115,0.0,32.55
26.0,92.55,1.93,0.0,28.13,25.32,26.07,43.15,4900.0,19,160,0.0,36.74
33.17,62.16,2.52,476.18,40.76,29.9,34.44,34.53,9200.0,8,119,0.0,47.83
29.88,86.21,5.15,0.0,39.08,28.52,29.21,46.59,4200.0,0,96,0.0,40.74
29.88,71.38,5.49,217.43,35.08,27.23,29.78,39.43,9200.0,7,156,0.0,37.4
28.07,85.76,6.43,0.0,33.21,26.69,27.3,36.03,4900.0,6,154,0.0,34.52
30.19,80.52,4.32,268.02,38.41,28.62,30.52,46.35,4200.0,17,125,0.0,42.8
32.94,81.15,1.1,259.91,48.51,31.72,34.26,68.27,9200.0,7,114,0.0,54.71
29.2,87.69,5.96,0.0,37.17,28.01,28.43,70.23,4900.0,0,126,0.0,41.16
43.05,48.21,1.69,939.81,63.86,38.25,45.83,69.02,4900.0,10,90,0.0,71.92
32.62,72.31,5.4,156.94,43.25,29.88,32.16,36.45,8500.0,17,104,0.0,44.07
26.0,80.05,3.91,0.0,27.67,24.11,25.77,70.2,3100.0,22,126,0.0,33.98
37.94,57.25,1.07,646.33,52.88,34.67,40.42,45.62,4900.0,9,102,0.0,60.23
29.11,86.4,1.69,0.0,36.55,27.79,29.19,64.9,3100.0,2,97,0.0,43.44
27.04,86.38,4.17,5.18,30.46,25.75,26.77,40.72,8500.0,6,94,0.0,36.27
40.38,64.34,1.47,673.25,68.17,37.7,42.72,41.28,9200.0,15,149,5.0,66.85
37.58,58.68,2.49,692.66,52.6,33.98,39.32,76.96,4900.0,15,162,5.0,62.13
29.43,82.86,1.22,3.5,36.69,27.75,29.63,45.52,8500.0,19,90,0.0,41.49
35.73,69.44,2.18,449.3,52.75,33.22,37.09,40.05,8500.0,16,125,6.0,55.56
27.41,79.76,2.57,22.6,30.64,25.49,27.45,44.98,4200.0,1,124,0.0,35.15
29.52,87.98,1.31,4.12,38.36,28.37,29.73,55.06,4200.0,0,155,0.0,45.3
34.7,65.23,7.39,657.76,46.71,31.54,34.49,61.39,3100.0,15,152,0.0,52.26
38.26,53.16,3.64,873.68,51.3,33.89,39.76,32.85,3100.0,11,112,1.0,58.15
28.05,82.13,3.59,10.28,32.55,26.32,27.84,45.35,8500.0,4,98,0.0,37.08
30.08,88.32,0.87,16.35,40.48,28.99,30.47,57.55,9200.0,4,123,0.0,46.67
26.93,88.9,2.17,0.0,30.44,25.89,26.95,70.87,3100.0,22,135,0.0,40.3
32.59,69.31,2.53,435.06,41.9,30.12,33.79,42.87,3100.0,8,167,0.0,48.29
32.88,64.18,5.93,443.12,40.76,29.53,32.91,38.12,9200.0,8,93,0.0,44.67
28.55,81.01,3.02,0.0,33.71,26.69,28.37,39.92,3100.0,2,119,0.0,36.86
26.15,79.26,1.42,45.6,27.93,24.29,26.49,59.49,3100.0,18,164,0.0,35.57
35.73,61.26,1.57,630.24,47.96,32.79,37.84,42.43,3100.0,15,161,5.0,54.74
37.14,58.14,2.3,709.55,50.77,33.59,39.03,78.41,3100.0,15,92,5.0,59.99
27.24,87.01,1.1,0.0,31.06,26.0,27.41,41.93,4200.0,2,103,0.0,38.27
29.31,88.31,3.93,88.08,37.72,28.31,29.3,76.93,9200.0,19,149,0.0,44.04
28.01,88.45,0.73,0.0,33.51,26.91,28.27,80.56,9200.0,23,166,0.0,44.08
28.6,85.16,3.46,10.64,34.66,27.17,28.4,61.57,8500.0,21,134,0.0,40.61
32.3,85.72,1.79,0.0,48.14,30.85,32.37,34.72,9200.0,23,123,0.0,47.69
26.0,85.74,2.9,0.0,27.88,24.66,25.92,75.91,9200.0,0,134,0.0,36.11
30.41,91.19,2.67,0.0,42.72,29.56,30.29,43.03,9200.0,23,150,0.0,45.6
26.56,86.49,1.04,0.0,29.24,25.28,26.73,76.95,4200.0,19,172,0.0,40.25
39.47,61.27,8.47,832.05,61.57,35.63,38.49,75.85,4200.0,10,105,0.0,63.91
32.77,68.22,1.26,439.19,42.01,30.52,34.51,48.19,3100.0,16,155,0.0,49.48
31.36,75.32,0.95,247.86,40.4,29.57,32.65,47.99,9200.0,7,129,0.0,47.22
28.16,89.81,6.88,5.79,34.23,27.2,27.36,59.64,8500.0,3,106,0.0,40.33
28.26,86.74,4.0,45.85,33.95,27.05,28.13,77.71,9200.0,5,123,0.0,43.25
30.47,76.12,3.9,160.31,37.93,28.27,30.58,77.56,9200.0,7,105,0.0,44.37
30.88,87.63,2.41,0.0,43.25,29.65,30.8,39.71,9200.0,19,149,0.0,45.48
28.81,84.37,1.08,0.0,35.13,27.28,29.0,38.33,9200.0,2,155,0.0,40.17
36.42,60.47,3.2,717.17,49.77,33.02,37.9,72.54,4900.0,15,155,5.0,59.01
26.0,79.09,0.52,83.14,27.63,24.36,26.69,63.09,9200.0,2,179,0.0,34.41
30.05,79.09,1.09,281.71,37.56,28.75,31.38,63.41,4200.0,17,102,0.0,48.14
39.1,48.5,3.9,845.79,50.94,33.87,40.34,73.25,3100.0,13,145,3.0,61.43
33.22,68.42,5.05,234.55,43.47,30.11,33.01,68.15,3100.0,17,120,0.0,47.6
29.75,93.22,3.14,0.0,40.8,29.12,29.55,45.39,4900.0,1,123,0.0,44.51
26.36,83.96,8.5,22.38,28.61,24.87,25.58,77.56,3100.0,21,128,0.0,35.64
28.03,83.15,2.04,75.19,32.68,26.55,28.39,66.89,4900.0,2,156,0.0,40.57
39.04,57.72,2.62,657.21,57.11,35.1,40.59,65.61,3100.0,15,97,5.0,63.52
36.49,73.87,1.75,535.83,58.85,34.78,38.31,83.3,8500.0,8,176,0.0,63.34
26.0,80.47,1.18,10.99,27.68,24.18,26.21,38.79,9200.0,3,167,0.0,32.45
26.23,84.44,6.52,33.52,28.34,24.8,25.79,34.99,8500.0,0,144,0.0,31.22
28.48,85.56,2.4,0.0,34.39,27.08,28.43,64.39,8500.0,3,116,0.0,40.95
26.61,83.45,7.94,0.0,29.14,25.03,25.77,80.67,4900.0,0,142,0.0,36.47
39.17,52.88,2.22,954.07,54.06,35.22,41.64,37.15,9200.0,13,128,3.0,62.58
26.35,87.56,3.3,0.0,28.79,25.18,26.21,65.93,9200.0,20,154,0.0,37.09
40.12,59.34,2.9,711.26,62.56,36.36,41.64,75.42,4200.0,15,106,5.0,68.68
26.43,82.28,3.74,0.0,28.67,24.75,26.21,43.15,4200.0,19,119,0.0,33.36
27.62,81.52,2.59,0.0,31.38,25.84,27.54,71.02,8500.0,23,142,0.0,39.73
33.48,78.81,7.71,224.72,49.4,31.48,32.43,76.02,8500.0,7,102,0.0,49.94
26.0,94.03,1.18,27.64,28.19,25.54,26.34,82.18,8500.0,6,110,0.0,41.92
26.0,87.87,2.44,0.0,27.96,24.87,25.99,47.43,4900.0,2,108,0.0,34.77
33.97,74.73,2.64,451.95,49.14,32.09,35.18,74.92,3100.0,16,142,0.0,56.83
26.01,83.03,0.7,45.79,27.81,24.58,26.49,71.96,3100.0,0,108,0.0,37.53
36.62,62.51,1.49,657.14,51.7,33.9,38.87,47.72,4200.0,15,146,5.0,59.13
43.54,58.34,1.82,825.57,76.44,39.96,46.01,40.18,3100.0,11,114,1.0,72.45
30.01,90.1,1.92,43.94,40.8,29.15,30.29,47.72,8500.0,18,175,0.0,45.64
30.7,82.81,1.74,0.0,40.83,28.97,30.76,70.45,8500.0,21,120,0.0,46.32
26.0,83.72,5.15,40.53,27.8,24.52,25.79,61.96,8500.0,22,170,0.0,34.02
29.75,81.3,1.32,0.0,37.26,27.89,29.9,42.75,4900.0,21,144,0.0,41.11
42.37,48.37,2.74,920.95,61.54,37.17,44.35,80.82,9200.0,13,112,3.0,69.98
26.0,86.33,2.75,0.0,27.9,24.72,25.94,36.09,4900.0,5,121,0.0,33.66
27.58,87.19,2.52,0.0,32.04,26.36,27.53,63.72,8500.0,5,151,0.0,39.35
42.17,46.86,1.26,1050.0,59.57,37.89,45.58,31.02,4900.0,12,163,2.0,67.85
30.76,89.85,1.37,0.0,43.64,29.77,30.94,35.08,4900.0,18,99,0.0,45.01
27.28,87.88,0.66,4.6,31.28,26.15,27.57,74.71,3100.0,21,161,0.0,41.57
30.22,77.39,1.32,197.15,37.59,28.44,31.18,79.85,4900.0,7,143,0.0,46.2
30.54,83.05,3.24,0.0,40.36,28.84,30.26,42.63,4200.0,1,141,0.0,43.48
26.0,87.46,4.08,0.0,27.94,24.83,25.77,47.08,4200.0,20,109,0.0,32.61
28.5,77.18,1.27,0.0,32.88,26.25,28.64,80.87,8500.0,0,121,0.0,41.62
41.82,49.61,1.7,890.83,60.69,37.26,44.48,63.32,4900.0,14,103,4.0,68.45
26.0,92.15,1.61,24.14,28.12,25.34,26.25,34.76,4900.0,0,139,0.0,35.69
26.0,90.7,5.35,35.29,28.06,25.19,25.77,62.44,3100.0,4,117,0.0,35.94
35.72,62.05,0.85,687.79,48.38,33.61,38.48,64.69,4900.0,15,142,5.0,58.32
29.25,86.2,0.5,0.0,36.96,27.9,29.58,81.76,4200.0,18,113,0.0,46.34
30.77,90.02,1.31,32.81,43.76,29.89,31.16,76.45,4900.0,3,168,0.0,49.56
26.0,89.78,0.59,62.66,28.03,25.3,26.6,39.85,4900.0,2,111,0.0,37.41
35.75,59.37,1.06,502.29,47.02,32.52,37.79,74.68,9200.0,16,119,6.0,57.06
34.2,72.88,1.89,533.86,49.01,32.42,35.94,65.18,4200.0,16,152,0.0,55.7
41.43,56.35,1.98,864.79,65.2,37.73,43.87,73.56,8500.0,11,93,1.0,71.43
41.33,55.82,1.39,877.31,64.28,37.94,44.23,84.52,3100.0,13,166,3.0,71.31
27.48,85.98,1.79,0.0,31.6,26.14,27.55,45.74,3100.0,20,148,0.0,38.07
26.42,86.08,1.86,0.0,28.87,25.1,26.47,39.48,4200.0,5,176,0.0,36.06
28.0,77.8,1.56,0.0,31.77,25.83,28.08,67.67,8500.0,2,97,0.0,39.27
36.49,60.7,2.48,443.39,50.16,32.77,37.63,59.84,4900.0,8,171,0.0,55.82
26.0,89.07,3.66,0.0,28.0,24.99,25.83,45.52,9200.0,4,101,0.0,34.87
28.11,78.51,1.08,0.0,32.14,26.0,28.27,58.73,8500.0,23,120,0.0,38.5
34.15,70.35,3.01,447.15,47.47,31.68,35.17,69.53,4900.0,16,167,0.0,53.79
39.77,54.65,2.14,847.88,57.42,35.85,42.05,76.81,4900.0,13,123,3.0,67.24
27.04,85.84,0.52,11.94,30.41,25.74,27.4,41.32,3100.0,20,171,0.0,37.64
29.19,89.34,2.72,0.0,37.56,28.16,29.07,38.67,4200.0,2,164,0.0,41.84
28.84,84.52,2.53,0.0,35.26,27.33,28.76,44.54,9200.0,0,165,0.0,40.29
27.27,78.65,0.5,7.38,30.2,25.23,27.58,40.83,3100.0,19,138,0.0,36.38
27.05,86.73,1.85,0.0,30.53,25.79,27.11,74.81,9200.0,20,168,0.0,40.77
27.27,87.8,1.18,0.0,31.25,26.12,27.44,35.81,4200.0,22,146,0.0,36.18
30.25,89.33,1.72,9.9,41.45,29.24,30.41,81.4,9200.0,0,115,0.0,48.77
27.51,80.58,0.5,0.0,30.99,25.63,27.77,71.34,9200.0,2,107,0.0,38.55
30.14,77.18,6.4,241.05,37.3,28.12,29.88,81.22,9200.0,17,175,0.0,45.59
34.95,53.45,0.89,681.82,41.95,31.71,37.6,75.12,4900.0,9,127,0.0,56.25
26.0,88.93,3.0,21.13,28.0,25.01,26.03,78.76,9200.0,21,170,0.0,38.15
26.0,88.47,1.0,0.0,27.98,24.93,26.18,72.87,8500.0,2,176,0.0,39.33
36.78,71.83,0.5,230.15,58.61,34.57,38.37,70.09,4200.0,7,177,0.0,59.39
41.41,49.21,1.53,876.61,58.89,36.9,44.15,43.56,8500.0,13,139,3.0,65.85
27.65,78.98,4.16,0.0,31.09,25.6,27.29,72.28,8500.0,23,97,0.0,37.61
31.49,75.89,2.54,262.15,41.0,29.48,32.25,77.45,3100.0,17,130,0.0,48.93
37.98,61.94,3.41,839.77,56.25,34.83,39.59,78.91,4900.0,14,95,4.0,64.81
29.31,79.8,1.86,39.72,35.58,27.39,29.55,40.64,8500.0,21,158,0.0,40.03
28.13,91.48,1.22,11.13,34.44,27.36,28.39,75.61,8500.0,22,133,0.0,44.72
28.79,86.96,0.79,0.0,35.65,27.53,29.05,40.14,4900.0,1,153,0.0,40.67
38.7,60.57,4.02,672.26,57.98,34.96,39.59,81.84,3100.0,9,118,0.0,62.08
26.0,91.69,1.13,0.0,28.1,25.24,26.17,75.64,4200.0,1,117,0.0,40.55
35.54,61.77,1.15,390.72,47.64,32.27,37.2,39.11,4900.0,16,100,6.0,51.11
32.36,71.83,2.27,184.87,42.2,29.74,32.95,61.48,4200.0,7,154,0.0,47.16
26.04,86.16,1.88,0.0,27.99,24.74,26.09,47.79,8500.0,0,108,0.0,36.46
32.92,71.05,0.57,430.15,43.67,31.53,35.07,31.0,4200.0,8,98,0.0,51.22
40.7,59.77,3.49,838.76,65.34,37.06,42.17,64.51,9200.0,10,116,0.0,67.99
29.62,81.7,6.18,3.56,36.96,27.8,28.76,81.63,8500.0,21,123,0.0,42.19
39.4,64.63,1.18,711.39,64.13,37.12,42.05,71.09,4900.0,15,133,5.0,67.86
27.18,79.61,1.09,0.0,30.1,25.21,27.33,74.54,3100.0,6,157,0.0,38.49
37.92,67.02,5.33,646.42,59.83,34.92,38.22,61.71,8500.0,9,171,0.0,60.16
28.03,85.92,1.15,0.0,33.13,26.67,28.21,60.38,4200.0,22,104,0.0,40.62
26.0,82.86,5.37,5.93,27.77,24.39,25.62,37.44,8500.0,2,140,0.0,31.32
30.65,74.47,2.62,224.75,37.99,28.45,31.29,59.87,8500.0,17,102,0.0,46.21
28.57,81.93,1.73,0.0,33.95,26.8,28.63,75.64,8500.0,23,172,0.0,42.85
39.19,45.65,8.5,933.62,49.42,33.18,38.32,45.69,9200.0,12,138,2.0,55.35
28.97,79.15,4.7,0.01,34.49,26.9,28.44,43.69,3100.0,6,159,0.0,37.38
26.91,76.5,2.03,63.7,29.25,24.77,27.21,72.99,9200.0,3,145,0.0,36.19
41.64,54.12,5.56,954.18,63.98,36.96,42.09,36.79,8500.0,12,165,2.0,65.31
27.53,83.33,0.5,0.0,31.38,25.92,27.8,47.81,4900.0,19,140,0.0,38.7
26.0,86.12,4.34,26.78,27.89,24.74,25.86,81.37,9200.0,0,126,0.0,37.78
32.65,70.57,1.01,238.05,42.59,30.21,33.87,44.3,4200.0,7,106,0.0,47.67
39.75,46.53,2.15,922.54,51.6,34.75,42.15,77.96,4900.0,13,147,3.0,64.65
37.97,53.98,1.79,694.96,50.89,33.93,40.09,63.52,9200.0,15,176,5.0,61.5
37.53,45.93,4.72,933.28,45.12,32.08,38.62,75.49,4900.0,13,179,3.0,57.09
41.41,52.83,1.6,834.35,61.94,37.31,44.01,74.02,3100.0,11,118,1.0,69.78
27.46,88.08,1.48,0.0,31.83,26.33,27.59,37.99,3100.0,18,122,0.0,36.56
28.56,83.19,1.04,20.29,34.17,26.98,28.89,71.4,8500.0,22,149,0.0,42.96
39.75,58.18,3.43,912.48,60.14,36.08,41.43,63.82,3100.0,14,178,4.0,66.34
28.57,85.48,2.36,72.18,34.66,27.3,28.85,45.06,3100.0,1,144,0.0,39.74
27.04,87.0,1.02,0.0,30.54,25.81,27.23,78.73,3100.0,1,99,0.0,40.84
26.0,89.01,1.75,30.66,28.0,25.05,26.25,76.76,9200.0,22,136,0.0,39.7
26.0,88.19,1.45,0.0,27.97,24.9,26.12,74.31,4200.0,21,112,0.0,39.3
28.72,89.2,2.68,0.0,35.92,27.68,28.62,48.29,9200.0,18,174,0.0,42.95
29.24,91.14,3.17,0.0,38.22,28.39,29.04,80.0,8500.0,21,110,0.0,46.51
26.4,90.46,4.13,34.97,29.12,25.57,26.32,42.6,4900.0,21,102,0.0,34.8
37.24,70.89,3.01,355.24,59.87,34.53,37.95,80.73,4900.0,16,122,6.0,61.58
31.37,81.86,2.54,0.0,42.87,29.53,31.24,75.72,4200.0,19,113,0.0,48.21
35.59,61.02,4.33,626.26,47.37,32.02,36.4,77.01,3100.0,9,100,0.0,55.43
26.0,84.12,1.98,0.0,27.82,24.51,26.03,64.64,8500.0,5,106,0.0,34.51
39.42,45.22,2.73,747.93,49.83,33.72,41.05,42.25,4200.0,14,157,4.0,58.61
27.22,92.01,1.67,18.96,31.62,26.52,27.44,47.09,3100.0,21,136,0.0,39.58
38.18,52.78,2.1,845.93,50.79,34.14,40.47,45.27,4200.0,10,114,0.0,59.57
27.4,81.25,0.71,0.0,30.79,25.59,27.62,65.14,9200.0,4,162,0.0,39.27
29.38,81.95,3.1,12.34,36.31,27.62,29.24,61.52,3100.0,0,110,0.0,41.43
32.69,72.03,2.22,266.38,43.34,30.25,33.54,74.37,3100.0,7,173,0.0,50.17
26.02,76.86,1.68,0.0,27.58,23.81,26.07,76.79,9200.0,20,172,0.0,34.71
40.86,52.07,1.13,912.37,59.3,37.29,44.04,34.93,4900.0,11,172,1.0,66.63
43.48,51.71,5.35,909.59,68.96,38.22,43.8,44.27,3100.0,11,101,1.0,68.18
30.45,78.04,2.09,0.0,38.48,28.22,30.42,40.15,4900.0,4,126,0.0,42.86
26.97,93.35,1.6,18.01,30.99,26.4,27.2,44.69,4900.0,6,131,0.0,39.88
28.3,85.92,0.54,0.0,33.93,26.94,28.59,74.47,3100.0,3,106,0.0,43.28
30.59,82.74,4.42,95.16,40.43,28.99,30.4,47.52,4200.0,5,137,0.0,43.76
39.55,51.1,0.5,968.73,54.08,37.5,43.57,46.65,8500.0,12,117,2.0,67.7
28.85,79.44,4.07,0.0,34.21,26.82,28.45,68.87,9200.0,19,130,0.0,39.04
39.94,53.91,3.01,750.85,57.47,35.46,41.46,61.92,4900.0,14,136,4.0,63.17
27.34,83.27,0.53,23.71,30.9,25.84,27.77,75.95,4900.0,2,107,0.0,42.63
30.07,83.42,1.61,9.16,38.88,28.44,30.22,77.94,9200.0,22,167,0.0,46.13
33.78,80.71,2.46,267.04,51.68,32.25,34.58,70.58,4900.0,7,160,0.0,53.39
28.31,85.14,4.15,20.03,33.8,26.9,28.04,59.47,4900.0,19,102,0.0,40.39
37.85,58.95,2.07,706.71,53.71,34.42,39.86,78.24,8500.0,15,171,5.0,63.32
40.0,43.13,2.53,943.55,50.15,34.31,42.17,74.12,4900.0,12,102,2.0,63.9
34.58,82.69,1.72,324.55,56.41,33.49,35.85,44.88,9200.0,17,120,0.0,56.55
39.77,58.67,1.46,647.68,60.61,36.29,42.01,35.57,4900.0,9,91,0.0,62.9
27.25,81.7,0.95,0.0,30.48,25.48,27.43,59.69,4900.0,18,105,0.0,37.62
35.36,69.32,4.34,494.73,51.28,32.65,35.92,63.67,4200.0,16,98,6.0,55.63
26.19,80.53,6.92,11.16,28.05,24.35,25.59,74.0,8500.0,23,162,0.0,34.13
27.73,81.91,2.3,7.02,31.7,25.99,27.74,46.28,8500.0,18,127,0.0,37.81
27.34,89.86,2.27,0.0,31.72,26.39,27.34,40.32,3100.0,22,164,0.0,39.74
27.88,85.07,1.12,3.47,32.56,26.45,28.08,41.63,9200.0,4,143,0.0,38.58
28.98,82.36,4.1,0.0,35.22,27.25,28.58,69.53,4900.0,20,145,0.0,40.1
29.61,85.49,1.92,100.5,37.96,28.4,30.09,58.15,4900.0,22,175,0.0,44.41
35.24,71.08,0.78,463.53,51.87,33.61,37.4,60.15,3100.0,8,176,0.0,57.5
44.15,49.32,0.77,897.41,69.14,40.32,47.71,83.0,4900.0,11,134,1.0,76.16
28.85,92.89,2.92,24.37,37.25,28.23,28.84,64.83,3100.0,20,123,0.0,45.02
29.68,86.58,1.74,0.0,38.5,28.36,29.75,41.14,3100.0,0,98,0.0,41.75
27.43,86.26,2.88,33.33,31.5,26.18,27.48,67.39,8500.0,0,177,0.0,40.27
38.61,57.6,0.98,906.36,55.47,36.22,41.92,44.67,4900.0,14,97,4.0,64.8
29.1,85.89,3.57,59.84,36.4,27.82,29.07,58.31,9200.0,1,96,0.0,43.41
29.41,81.35,2.14,0.0,36.23,27.56,29.38,58.6,8500.0,21,125,0.0,42.49
37.07,59.77,1.2,679.13,51.55,34.2,39.56,70.65,9200.0,15,107,5.0,61.9
32.0,79.07,1.48,261.7,43.96,30.47,33.13,79.56,3100.0,7,92,0.0,51.58
40.27,50.36,2.71,942.66,55.94,35.65,42.38,34.93,9200.0,12,117,2.0,62.38
31.12,87.69,1.82,0.0,44.23,29.9,31.19,43.94,8500.0,20,159,0.0,46.39
28.06,84.31,0.94,7.4,32.96,26.57,28.33,44.33,4900.0,0,133,0.0,38.55
36.46,59.43,3.94,692.53,49.29,32.77,37.53,41.87,9200.0,15,110,5.0,54.11
26.0,77.31,0.52,0.0,27.56,23.84,26.21,78.08,9200.0,6,117,0.0,36.56
29.27,86.39,1.68,24.9,37.07,28.0,29.5,64.48,9200.0,4,143,0.0,43.18
27.22,86.11,2.37,0.0,30.91,25.9,27.19,71.63,8500.0,21,143,0.0,39.46
27.07,93.5,1.91,69.03,31.33,26.63,27.47,72.37,3100.0,22,154,0.0,42.63
26.0,85.82,1.21,6.39,27.88,24.69,26.19,74.34,4200.0,2,110,0.0,38.72
43.7,50.66,0.71,822.47,68.76,39.99,47.11,47.01,9200.0,11,102,1.0,71.6
37.82,58.07,2.51,712.39,53.03,34.15,39.6,36.79,4900.0,15,146,5.0,59.54
29.79,82.24,2.42,0.0,37.66,28.03,29.71,69.19,8500.0,18,138,0.0,42.67
26.0,90.09,1.9,0.0,28.04,25.08,26.06,48.79,4200.0,4,143,0.0,36.94
26.0,85.23,0.5,0.0,27.86,24.61,26.23,63.49,8500.0,21,99,0.0,37.03
40.62,51.04,4.52,943.51,57.63,35.68,41.67,41.96,4200.0,13,142,3.0,62.85
26.8,78.16,1.01,0.0,29.16,24.7,26.96,68.58,4900.0,4,133,0.0,35.39
37.67,54.9,5.13,797.12,50.5,33.28,38.33,82.45,4200.0,14,136,4.0,61.36
34.93,67.28,0.59,450.31,48.58,33.05,37.17,36.63,9200.0,16,142,0.0,54.42
40.62,52.88,3.59,883.77,59.09,36.02,42.08,79.82,4900.0,13,163,3.0,68.85
26.81,78.71,0.96,0.0,29.22,24.76,26.98,76.91,4200.0,19,135,0.0,37.97
26.68,81.41,1.36,0.0,29.16,24.91,26.8,43.98,4900.0,4,102,0.0,35.02
34.4,47.96,1.64,961.53,38.57,30.55,37.25,40.01,9200.0,11,126,0.0,50.83
38.26,57.04,1.51,676.1,53.83,34.71,40.52,40.38,4200.0,15,113,5.0,59.68
38.04,64.23,1.8,634.16,58.17,35.25,40.05,45.74,9200.0,15,91,5.0,62.77
26.0,90.41,0.5,43.18,28.05,25.3,26.53,82.02,8500.0,20,175,0.0,41.74
28.19,85.05,1.22,0.0,33.46,26.75,28.36,38.02,8500.0,6,170,0.0,37.03
26.16,82.77,1.73,43.84,28.11,24.63,26.46,42.77,4900.0,3,103,0.0,34.49
29.69,84.05,1.07,1.21,37.82,28.12,29.91,57.72,4900.0,0,99,0.0,43.03
27.13,84.98,2.11,0.0,30.55,25.7,27.14,38.7,3100.0,4,124,0.0,35.4
26.66,84.14,1.22,0.0,29.33,25.16,26.81,83.39,9200.0,22,114,0.0,39.48
36.27,58.23,3.28,593.42,48.01,32.37,37.41,66.88,8500.0,9,92,0.0,55.72
29.6,83.04,5.6,0.0,37.26,27.92,28.85,41.09,8500.0,21,106,0.0,37.8
30.13,73.59,2.95,39.9,36.29,27.5,30.08,73.98,4200.0,4,101,0.0,43.19
26.69,87.81,1.09,0.0,29.68,25.54,26.86,40.26,3100.0,3,143,0.0,36.84
27.55,86.33,4.7,26.7,31.85,26.29,27.26,65.95,4200.0,1,113,0.0,38.9
27.46,80.06,1.92,57.53,30.8,25.65,27.76,76.91,3100.0,19,118,0.0,38.76
36.43,59.87,2.6,643.86,49.45,32.95,38.02,36.97,9200.0,9,132,0.0,55.09
31.33,84.59,1.15,0.0,43.77,29.77,31.55,36.96,3100.0,18,114,0.0,45.18
30.55,86.17,3.43,55.68,41.49,29.27,30.49,64.47,4200.0,0,149,0.0,45.41
29.46,82.1,2.25,5.02,36.57,27.69,29.45,56.64,9200.0,23,179,0.0,41.9
29.45,89.54,2.13,0.0,38.55,28.44,29.46,39.33,3100.0,4,154,0.0,43.65
39.74,56.95,3.61,913.54,59.12,35.86,41.31,60.71,4200.0,12,173,2.0,66.83
26.85,86.39,4.24,0.0,29.98,25.57,26.55,62.19,8500.0,3,117,0.0,37.71
39.48,61.13,1.17,670.3,61.48,36.62,42.01,77.05,3100.0,15,105,5.0,67.05
29.35,85.15,3.19,38.49,37.03,27.96,29.31,76.35,4200.0,23,136,0.0,43.9
38.67,66.91,1.47,642.14,62.92,36.37,40.93,76.26,4200.0,15,170,5.0,66.76
30.25,86.16,3.0,2.72,40.4,28.89,30.07,64.16,8500.0,22,147,0.0,45.46
28.38,79.8,1.36,0.0,33.05,26.4,28.51,64.93,9200.0,1,165,0.0,40.78
36.48,72.16,2.08,466.16,57.6,34.32,37.94,77.39,4900.0,16,116,6.0,62.18
29.16,83.92,2.5,0.0,36.1,27.58,29.07,47.24,9200.0,19,142,0.0,40.49
28.5,88.94,3.26,92.45,35.16,27.6,28.68,76.06,8500.0,23,131,0.0,45.37
39.87,49.89,6.65,905.33,54.26,34.54,39.78,74.9,8500.0,11,148,1.0,62.78
29.58,75.09,2.08,280.38,35.19,27.65,30.56,38.54,4200.0,17,136,0.0,42.01
27.17,80.93,3.7,32.41,30.23,25.39,27.08,73.59,8500.0,2,123,0.0,38.09
31.08,87.08,2.63,0.0,43.81,29.79,30.94,65.67,3100.0,0,126,0.0,47.82
26.0,84.04,4.66,0.0,27.82,24.5,25.68,65.51,8500.0,0,95,0.0,33.28
29.07,84.68,0.74,20.6,36.0,27.64,29.48,39.8,9200.0,18,96,0.0,41.44
40.51,51.61,0.58,806.44,57.69,37.52,43.96,73.23,4900.0,10,114,0.0,69.09
29.39,88.13,2.7,22.59,37.95,28.28,29.4,62.28,9200.0,4,122,0.0,44.02
40.55,49.36,1.3,936.34,56.1,36.48,43.62,75.93,3100.0,11,144,1.0,69.93
28.81,85.02,3.21,6.59,35.27,27.36,28.63,61.05,9200.0,2,147,0.0,41.79
27.31,82.99,5.29,13.48,30.78,25.69,26.87,80.73,9200.0,0,96,0.0,38.23
26.0,85.15,0.95,0.0,27.86,24.61,26.17,58.62,8500.0,0,146,0.0,35.65
31.98,72.18,1.6,318.8,41.16,29.8,33.22,72.07,4900.0,7,101,0.0,51.32
37.09,57.69,2.27,628.28,50.34,33.33,38.79,63.18,3100.0,9,105,0.0,58.27
42.04,51.07,1.56,880.87,62.74,37.75,44.78,42.48,3100.0,10,169,0.0,68.07
38.64,55.47,1.9,830.79,54.06,35.0,41.03,76.02,3100.0,11,132,1.0,63.8
39.57,46.34,7.77,978.3,50.95,33.72,39.08,37.73,8500.0,12,166,2.0,55.55
44.58,53.06,1.38,1004.89,75.04,40.82,47.84,57.89,3100.0,11,96,1.0,75.77
41.47,47.83,2.51,903.55,57.98,36.32,43.58,41.24,4900.0,13,140,3.0,66.14
30.18,84.9,3.8,0.0,39.72,28.68,29.79,78.63,8500.0,1,162,0.0,46.21
31.47,83.06,2.25,0.0,43.7,29.75,31.41,80.14,8500.0,18,121,0.0,49.33
32.7,80.55,2.26,234.36,47.23,31.14,33.48,73.29,8500.0,17,164,0.0,51.91
27.21,86.25,1.87,84.84,30.89,26.08,27.65,74.93,4900.0,2,97,0.0,42.08
27.65,84.12,1.0,0.0,31.79,26.12,27.84,44.59,4900.0,22,176,0.0,37.99
31.97,71.83,1.85,462.51,40.98,30.02,33.52,50.79,4900.0,16,178,0.0,50.2
27.26,77.79,1.76,244.35,30.1,25.66,28.24,77.28,4200.0,7,161,0.0,41.25
36.8,57.91,2.56,624.71,49.51,33.0,38.34,47.31,4900.0,9,134,0.0,55.0
28.82,84.07,4.29,34.62,35.09,27.31,28.55,82.0,9200.0,1,175,0.0,43.75
28.03,87.68,2.65,0.0,33.44,26.85,27.95,78.03,4200.0,18,148,0.0,41.72
32.97,69.46,1.7,456.44,43.15,30.73,34.57,44.75,4900.0,8,93,0.0,49.18
31.23,79.17,0.63,0.0,41.34,29.09,31.55,78.17,9200.0,6,156,0.0,47.62
26.83,83.87,2.1,1.9,29.7,25.3,26.86,56.66,8500.0,3,118,0.0,36.9
31.2,86.5,1.45,20.86,44.07,29.91,31.48,71.35,4200.0,20,118,0.0,49.49
32.53,77.45,1.82,218.14,45.18,30.66,33.41,75.39,3100.0,17,117,0.0,52.21
41.85,54.49,1.51,978.93,65.15,38.38,44.91,40.76,4900.0,12,166,2.0,70.27
38.76,55.18,1.47,887.79,54.28,35.46,41.6,37.13,9200.0,10,168,0.0,62.3
28.31,88.21,2.69,43.04,34.4,27.26,28.43,70.53,3100.0,23,176,0.0,42.75
27.76,84.19,2.43,35.16,32.12,26.31,27.89,42.16,4900.0,3,133,0.0,37.98
27.67,85.4,1.87,0.0,32.05,26.27,27.72,37.63,9200.0,20,179,0.0,36.16
28.62,82.48,1.26,0.0,34.2,26.91,28.78,73.26,4200.0,3,93,0.0,42.86
40.54,61.31,1.44,644.21,66.06,37.38,42.81,74.37,8500.0,9,179,0.0,68.72
26.0,90.06,1.92,0.0,28.04,25.08,26.06,46.35,8500.0,4,98,0.0,35.64
33.13,66.8,5.41,535.39,42.53,30.22,33.53,75.64,4900.0,8,94,0.0,50.55
30.02,91.4,5.28,0.29,41.25,29.2,29.34,74.76,4900.0,23,145,0.0,47.41
30.17,86.63,3.82,0.0,40.25,28.85,29.78,78.75,8500.0,2,173,0.0,44.96
35.51,73.04,2.15,435.06,54.15,33.42,36.85,33.0,8500.0,16,139,6.0,53.95
30.91,80.25,5.6,0.0,40.68,28.91,30.04,38.24,8500.0,2,164,0.0,39.74
36.44,51.79,3.93,693.55,45.15,31.72,37.48,68.43,8500.0,15,104,5.0,54.29
29.19,81.12,0.76,0.0,35.52,27.32,29.44,75.13,8500.0,3,121,0.0,44.57
33.03,71.15,0.5,185.64,44.07,30.72,34.32,65.57,4900.0,17,117,0.0,51.02
35.01,61.25,3.42,426.79,45.69,31.3,35.74,75.03,9200.0,16,111,6.0,52.13
28.53,80.1,0.5,0.61,33.48,26.58,28.82,60.91,3100.0,6,106,0.0,42.12
26.12,86.92,3.77,35.02,28.21,24.95,26.09,71.76,4900.0,23,148,0.0,35.66
27.65,88.35,0.94,6.86,32.41,26.56,27.92,46.76,4200.0,22,179,0.0,39.45
27.3,80.5,2.77,0.0,30.48,25.42,27.19,64.21,3100.0,4,160,0.0,36.54
41.13,54.29,3.87,894.18,62.18,36.67,42.45,38.57,4200.0,11,146,1.0,65.5
33.19,64.8,4.25,519.15,41.87,30.1,33.93,78.53,4200.0,16,115,0.0,51.36
29.11,85.46,1.98,70.07,36.33,27.84,29.47,76.66,9200.0,22,114,0.0,46.14
41.92,43.6,1.17,954.0,56.12,36.96,45.14,73.5,8500.0,12,99,2.0,71.1
29.23,86.14,2.46,0.0,36.89,27.88,29.16,70.52,4900.0,22,134,0.0,45.29
30.95,85.26,5.65,0.0,42.64,29.48,30.09,47.42,8500.0,2,172,0.0,43.11
36.02,67.53,2.37,411.76,52.64,33.15,37.17,42.3,4200.0,8,100,0.0,54.37
36.21,70.39,1.81,480.95,55.25,33.95,37.83,37.49,8500.0,16,166,6.0,56.99
35.22,73.1,8.44,459.94,53.03,32.73,34.19,72.95,4900.0,16,142,6.0,55.47
30.09,83.47,2.16,22.33,38.99,28.49,30.19,42.06,8500.0,19,161,0.0,41.49
38.11,59.67,2.81,665.86,55.12,34.48,39.61,80.26,4900.0,15,157,5.0,62.7
26.35,86.0,1.55,0.0,28.71,25.03,26.45,72.31,8500.0,21,117,0.0,38.59
46.0,54.76,1.16,978.67,83.66,42.55,49.45,71.8,4900.0,12,164,2.0,78.93
29.71,88.12,1.77,0.0,39.07,28.56,29.79,39.33,4900.0,18,154,0.0,43.06
35.98,66.25,8.45,471.68,51.69,32.63,34.82,47.84,4200.0,16,138,6.0,50.3
29.79,88.71,6.18,4.34,39.53,28.7,28.95,47.45,3100.0,3,136,0.0,40.73
39.89,48.73,2.9,930.62,53.51,34.97,41.85,37.28,3100.0,11,141,1.0,61.03
33.91,70.88,1.71,457.08,46.91,31.79,35.51,83.29,3100.0,8,177,0.0,56.46
27.68,82.63,1.52,37.97,31.67,26.09,27.99,39.73,4200.0,18,143,0.0,37.76
42.44,46.7,2.25,854.69,60.35,37.0,44.59,61.28,4900.0,11,149,1.0,68.6
32.42,66.79,0.69,530.14,40.43,30.76,34.77,73.06,3100.0,8,146,0.0,52.8
29.17,82.27,0.6,0.0,35.74,27.42,29.46,59.88,9200.0,6,136,0.0,43.1
40.36,52.74,0.5,922.09,58.04,38.28,44.27,50.95,3100.0,13,120,3.0,69.35
27.98,77.68,1.12,33.91,31.7,25.89,28.33,32.66,4200.0,19,135,0.0,36.71
30.81,84.9,3.75,0.0,41.99,29.3,30.41,70.2,4200.0,18,115,0.0,46.55
41.23,54.71,4.07,861.18,62.9,36.73,42.35,41.45,9200.0,14,94,4.0,64.7
40.19,56.76,0.96,695.35,60.66,36.93,42.94,71.03,4200.0,15,173,5.0,68.02
29.29,75.02,2.36,23.41,34.43,26.83,29.33,70.46,4900.0,20,141,0.0,40.09
31.09,89.56,1.54,12.79,44.85,30.09,31.31,58.93,9200.0,4,164,0.0,48.98
27.42,79.55,1.31,0.0,30.65,25.44,27.54,46.56,3100.0,2,143,0.0,36.91
41.19,55.91,1.59,905.16,63.81,37.75,44.0,82.22,3100.0,11,122,1.0,72.81
29.7,85.73,1.69,85.93,38.32,28.49,30.18,38.32,9200.0,19,139,0.0,44.29
29.67,85.83,0.5,0.73,38.26,28.28,30.02,79.34,3100.0,20,127,0.0,45.56
28.12,91.39,0.5,53.8,34.38,27.54,28.76,72.05,8500.0,3,116,0.0,44.66
27.1,87.09,3.12,0.0,30.7,25.88,26.96,45.52,3100.0,20,104,0.0,36.29
26.43,88.32,1.71,46.55,29.04,25.44,26.75,75.9,8500.0,22,150,0.0,40.04
35.14,58.5,5.12,693.05,44.73,31.3,35.79,36.69,8500.0,15,110,5.0,51.21
27.27,83.76,2.4,0.0,30.76,25.71,27.23,75.37,9200.0,6,135,0.0,40.63
42.29,45.98,1.8,898.92,59.21,37.04,44.86,45.39,4200.0,12,158,2.0,67.2
26.0,88.66,3.07,0.0,27.99,24.95,25.9,58.31,4900.0,20,95,0.0,35.8
38.34,59.96,2.36,647.2,56.16,34.8,40.03,72.15,3100.0,9,127,0.0,62.79
26.0,80.33,4.64,0.0,27.68,24.13,25.67,58.16,3100.0,6,151,0.0,31.97
40.47,46.58,2.96,957.44,53.83,35.18,42.43,71.39,4200.0,13,175,3.0,65.61
26.74,86.72,0.69,0.0,29.73,25.49,26.97,70.93,4900.0,4,151,0.0,41.03
27.46,91.74,5.98,25.6,32.32,26.72,26.97,67.89,8500.0,2,171,0.0,39.25
28.36,80.81,3.52,0.0,33.17,26.48,28.09,39.06,4900.0,22,167,0.0,35.62
37.79,58.15,4.64,921.68,52.96,34.07,38.95,40.4,4900.0,10,163,0.0,59.35
39.96,56.57,2.75,853.81,59.63,36.11,41.89,73.47,3100.0,10,135,0.0,67.24
32.48,74.5,2.51,268.13,43.71,30.3,33.25,45.43,3100.0,17,102,0.0,47.65
34.43,50.11,0.88,831.38,39.39,31.27,37.49,57.84,4900.0,14,92,0.0,53.82
43.91,48.84,0.66,943.16,67.69,40.44,47.73,60.32,3100.0,11,95,1.0,73.17
37.3,64.0,2.01,456.89,55.13,34.07,38.72,41.32,4200.0,8,97,0.0,57.43
39.51,53.52,3.91,704.59,55.66,34.77,40.44,78.35,4900.0,9,133,0.0,61.5
37.35,54.19,4.96,906.93,49.07,33.05,38.33,60.05,4900.0,11,122,1.0,58.22
35.32,55.85,0.97,392.88,44.02,31.4,37.06,56.79,3100.0,16,170,6.0,53.25
27.82,83.91,0.5,0.0,32.23,26.27,28.1,79.86,3100.0,5,164,0.0,41.94
31.18,80.26,5.53,0.0,41.56,29.16,30.3,71.14,3100.0,6,166,0.0,45.54
41.37,57.59,1.64,974.98,66.11,38.3,44.34,73.87,4900.0,13,139,3.0,74.03
42.43,45.53,0.5,920.61,59.3,38.99,46.34,64.87,4200.0,12,100,2.0,71.77
34.84,73.96,1.11,273.05,52.04,32.77,36.19,75.87,3100.0,7,117,0.0,55.47
36.78,60.5,1.79,719.43,51.01,33.78,39.0,77.09,4900.0,9,159,0.0,62.45
35.06,67.5,1.74,417.62,49.14,32.38,36.52,63.26,4200.0,8,130,0.0,55.73
32.88,76.52,2.69,331.31,45.98,31.0,33.76,81.49,3100.0,17,105,0.0,55.05
29.55,80.08,3.89,0.0,36.35,27.57,29.16,73.01,9200.0,1,157,0.0,41.11
28.84,91.41,2.92,4.81,36.85,28.03,28.73,66.25,9200.0,4,137,0.0,44.61
29.22,78.58,1.62,30.77,35.04,27.16,29.47,76.45,4900.0,4,145,0.0,43.46
27.78,82.7,0.51,77.24,31.95,26.43,28.5,44.81,9200.0,5,153,0.0,38.47
30.93,89.03,0.77,0.0,44.0,29.85,31.25,78.18,4900.0,18,148,0.0,51.85
32.41,75.95,1.63,297.5,44.07,30.58,33.59,74.4,9200.0,7,179,0.0,52.3
37.45,55.04,0.77,678.03,49.9,34.36,40.25,40.68,4900.0,15,151,5.0,58.24
42.46,46.26,0.94,1017.08,60.02,38.38,46.1,70.63,4900.0,12,165,2.0,73.48
26.0,85.35,4.06,29.29,27.86,24.67,25.91,65.52,9200.0,0,100,0.0,35.25
27.86,88.19,1.22,17.97,33.0,26.78,28.14,75.55,4200.0,21,178,0.0,43.23
27.01,85.51,1.5,0.0,30.3,25.63,27.12,80.74,4900.0,19,107,0.0,40.16
35.89,71.02,1.5,404.75,54.4,33.64,37.46,68.89,4200.0,16,108,6.0,59.64
30.39,81.07,0.96,0.0,39.23,28.49,30.63,78.92,4200.0,6,176,0.0,46.62
41.17,53.49,4.52,999.85,61.63,36.63,42.32,39.92,4200.0,12,144,2.0,64.97
28.69,82.82,3.46,0.0,34.46,27.01,28.42,73.76,4200.0,3,171,0.0,40.48
27.76,91.08,3.11,1.36,33.18,26.93,27.63,75.57,4900.0,3,115,0.0,42.89
27.75,86.03,1.85,51.73,32.35,26.52,28.06,73.27,4900.0,5,95,0.0,42.14
28.41,90.71,2.95,0.0,35.23,27.54,28.28,65.99,3100.0,18,93,0.0,41.73
41.72,49.73,1.55,913.34,60.42,37.34,44.55,69.88,8500.0,11,118,1.0,69.82
26.9,86.42,3.27,0.0,30.11,25.62,26.74,42.12,4200.0,21,148,0.0,34.68
26.06,79.75,4.56,0.0,27.78,24.14,25.74,81.88,8500.0,6,106,0.0,35.31
38.23,57.83,1.66,604.17,54.27,34.55,40.21,46.14,3100.0,9,132,0.0,60.27
26.0,85.6,1.87,0.0,27.87,24.65,26.05,36.17,4900.0,18,169,0.0,33.87
27.65,87.66,2.46,64.32,32.31,26.6,27.9,43.92,4200.0,6,155,0.0,38.0
28.3,81.99,5.76,32.99,33.22,26.59,27.78,75.11,9200.0,2,123,0.0,39.07
43.89,49.4,1.3,988.75,68.22,39.64,47.15,45.35,4900.0,12,97,2.0,72.51
41.15,53.59,2.85,904.85,61.64,36.82,43.09,83.75,8500.0,12,102,2.0,69.81
31.18,69.72,0.9,253.5,38.0,28.81,32.48,33.45,3100.0,17,97,0.0,42.87
26.0,88.49,3.95,16.29,27.98,24.95,25.88,77.25,8500.0,19,154,0.0,37.35
31.78,75.82,2.76,302.35,41.91,29.81,32.58,75.26,4900.0,7,132,0.0,48.53
36.52,67.93,0.88,507.22,54.82,34.49,38.76,74.13,3100.0,8,128,0.0,61.83
30.48,83.38,6.76,79.68,40.26,28.9,29.68,37.68,9200.0,6,170,0.0,40.04
29.26,83.61,0.87,51.25,36.33,27.81,29.79,41.21,4900.0,0,148,0.0,40.99
26.0,78.38,1.6,0.0,27.6,23.94,26.07,80.28,8500.0,2,173,0.0,36.19
41.62,57.47,3.23,985.82,67.01,37.87,43.52,62.6,3100.0,12,177,2.0,72.29
35.24,66.03,0.84,448.91,48.96,32.9,37.29,79.73,4200.0,16,175,6.0,58.4
26.32,84.55,2.07,0.0,28.55,24.86,26.34,40.04,4200.0,23,175,0.0,34.3
29.5,87.39,3.91,64.22,38.12,28.37,29.4,44.62,9200.0,0,133,0.0,40.71
26.0,82.87,1.89,42.01,27.77,24.48,26.26,81.1,9200.0,5,98,0.0,36.54
28.17,90.54,1.16,55.4,34.38,27.43,28.65,56.72,4900.0,20,126,0.0,43.74
27.47,83.15,2.66,22.95,31.2,25.89,27.51,74.6,4900.0,5,163,0.0,39.45
40.49,59.17,1.77,945.92,63.93,37.56,43.3,69.59,4200.0,11,125,1.0,72.03
40.92,48.33,0.87,1012.7,56.55,37.44,44.6,62.36,8500.0,12,117,2.0,69.55
40.42,54.67,3.58,940.86,59.81,36.2,42.02,76.38,4200.0,12,131,2.0,69.22
37.76,58.83,2.91,875.2,53.32,34.39,39.7,44.73,8500.0,14,132,4.0,62.08
31.95,79.76,1.63,0.0,44.09,29.86,32.04,41.12,4200.0,20,174,0.0,45.8
37.85,60.11,1.81,722.73,54.51,34.72,40.06,44.17,8500.0,15,177,5.0,60.1
26.0,88.92,1.32,0.0,28.0,24.97,26.14,43.78,9200.0,21,131,0.0,36.96
26.0,81.3,4.49,21.32,27.71,24.26,25.8,48.28,3100.0,20,155,0.0,31.46
38.07,53.04,2.62,815.18,50.62,33.84,40.0,64.0,3100.0,10,144,0.0,62.64
29.14,81.94,3.68,0.0,35.57,27.35,28.8,69.32,8500.0,4,161,0.0,42.37
26.63,87.18,3.38,0.0,29.48,25.43,26.47,80.35,4900.0,3,137,0.0,39.07
28.09,86.87,2.71,0.0,33.48,26.83,28.0,49.1,3100.0,2,111,0.0,38.14
29.91,86.18,2.73,0.0,39.17,28.54,29.77,40.53,4200.0,18,116,0.0,41.27
26.08,88.37,1.26,0.0,28.18,25.0,26.23,62.73,3100.0,19,156,0.0,38.71
32.05,73.61,1.33,205.98,41.93,29.81,33.04,76.13,8500.0,17,102,0.0,50.5
42.12,58.33,0.99,775.48,69.99,39.14,45.12,39.02,8500.0,14,134,4.0,70.11
35.53,70.11,1.54,421.4,52.38,33.21,37.11,43.15,4200.0,8,99,0.0,55.3
38.24,67.87,2.41,436.42,61.86,35.34,39.42,33.97,8500.0,16,98,6.0,59.59
43.62,51.47,1.66,874.07,69.26,39.16,46.28,83.18,8500.0,13,143,3.0,75.3
38.74,55.8,3.81,858.18,54.65,34.65,40.12,75.43,8500.0,14,116,4.0,63.73
29.94,84.66,1.98,0.0,38.83,28.42,29.96,69.85,9200.0,0,123,0.0,45.91
27.19,83.38,2.31,0.0,30.53,25.6,27.16,79.13,9200.0,20,90,0.0,40.66
28.41,87.43,4.98,0.0,34.54,27.2,27.88,76.89,4200.0,21,121,0.0,41.33
27.65,90.86,3.16,15.33,32.78,26.82,27.59,43.67,4200.0,21,178,0.0,38.99
29.67,85.9,1.43,38.65,38.29,28.38,30.03,79.14,9200.0,2,160,0.0,47.99
40.05,52.23,1.32,706.36,56.58,35.85,42.51,38.14,4200.0,15,156,5.0,62.15
27.95,85.56,4.25,0.0,32.84,26.56,27.58,69.96,8500.0,22,173,0.0,39.54
36.98,54.49,1.41,835.97,48.13,33.65,39.71,78.01,4900.0,10,109,0.0,61.5
40.32,51.82,2.16,874.93,57.2,35.98,42.63,67.88,4900.0,11,124,1.0,64.73
36.24,61.72,1.19,741.61,49.92,33.86,38.9,61.06,8500.0,9,179,0.0,60.29
38.34,63.09,2.59,707.74,58.5,35.28,40.08,63.91,9200.0,15,167,5.0,63.41
29.46,80.57,1.69,312.51,36.2,28.25,30.68,46.87,9200.0,7,106,0.0,46.15
26.0,83.29,1.64,54.23,27.79,24.55,26.35,46.68,8500.0,5,107,0.0,34.54
39.05,49.44,1.77,890.7,51.4,34.7,41.65,43.64,4200.0,11,134,1.0,62.19
28.03,87.48,1.55,33.9,33.39,26.91,28.33,81.11,3100.0,23,173,0.0,43.74
26.0,83.6,3.54,15.04,27.8,24.48,25.91,62.34,3100.0,20,142,0.0,34.82
31.38,79.31,1.3,228.47,41.9,29.86,32.47,66.28,9200.0,7,171,0.0,50.73
26.0,87.52,3.02,0.0,27.95,24.84,25.91,80.69,4200.0,3,157,0.0,38.47
32.18,75.28,4.24,193.39,43.0,29.87,32.2,76.68,3100.0,7,154,0.0,48.73
34.12,76.46,1.47,270.73,50.65,32.26,35.3,36.03,4900.0,17,90,0.0,52.17
30.19,80.95,4.05,23.44,38.54,28.31,29.85,66.46,4200.0,4,147,0.0,42.5
30.92,67.63,2.59,538.63,36.7,28.53,32.39,63.75,4200.0,8,115,0.0,47.08
28.97,80.42,5.04,0.0,34.75,27.03,28.37,62.63,3100.0,3,109,0.0,39.1
27.32,83.97,2.75,88.37,30.93,25.95,27.6,72.2,4900.0,21,176,0.0,41.51
32.24,65.55,2.24,462.92,39.5,29.47,33.62,67.54,4900.0,16,99,0.0,49.98
34.79,67.28,4.65,393.02,48.07,31.69,35.01,44.6,4900.0,8,148,0.0,49.76
29.49,84.82,3.78,49.91,37.38,28.07,29.35,79.35,3100.0,0,164,0.0,45.89
27.64,83.38,4.06,79.3,31.67,26.15,27.63,75.23,9200.0,20,130,0.0,39.52
30.1,81.61,1.65,35.92,38.43,28.34,30.37,40.43,9200.0,19,94,0.0,43.19
41.19,46.14,0.89,990.22,55.76,37.23,44.78,58.13,8500.0,12,154,2.0,68.65
38.62,61.5,1.28,623.32,58.38,35.66,40.92,47.01,4900.0,15,106,5.0,62.96
45.54,45.64,1.91,963.48,70.58,39.95,48.18,79.82,8500.0,12,111,2.0,75.41
39.08,48.23,2.92,966.6,50.7,34.22,41.12,45.28,9200.0,13,130,3.0,61.18
27.58,79.26,3.42,34.1,30.99,25.62,27.52,76.24,8500.0,2,157,0.0,39.03
26.05,83.65,5.12,0.0,27.91,24.51,25.67,73.37,9200.0,5,158,0.0,35.96
28.41,74.3,4.41,183.15,32.15,26.11,28.57,61.51,3100.0,17,100,0.0,38.5
27.44,82.8,2.35,38.84,31.09,25.86,27.6,41.29,3100.0,18,145,0.0,36.98
31.57,79.38,0.51,31.83,42.57,29.58,32.15,76.49,4200.0,4,140,0.0,48.4
39.7,56.7,2.99,781.72,58.75,35.69,41.32,32.52,8500.0,14,110,4.0,62.52
26.24,88.62,2.83,93.23,28.59,25.35,26.56,43.65,4200.0,1,165,0.0,34.44
37.01,57.48,2.07,615.48,49.94,33.26,38.78,72.3,3100.0,9,115,0.0,58.52
28.48,85.25,1.86,0.0,34.32,27.05,28.52,76.82,9200.0,23,108,0.0,44.05
33.52,78.65,2.46,306.61,49.48,31.84,34.42,75.91,8500.0,17,149,0.0,55.23
39.14,52.7,5.52,933.0,53.84,34.44,39.76,37.66,4200.0,12,160,2.0,59.05
29.62,92.64,2.69,0.0,40.09,28.93,29.52,63.32,4900.0,4,136,0.0,46.95
29.27,81.5,2.92,0.0,35.86,27.44,29.09,61.32,9200.0,22,160,0.0,41.96
27.97,86.17,2.96,0.0,33.0,26.64,27.83,46.72,9200.0,23,115,0.0,38.47
28.22,87.46,4.47,0.0,33.98,27.02,27.81,44.02,8500.0,0,129,0.0,38.91
28.22,85.42,1.69,39.86,33.61,26.91,28.51,74.15,9200.0,21,94,0.0,42.63
27.74,83.9,5.78,26.7,32.01,26.22,27.24,78.31,4200.0,0,110,0.0,39.17
33.13,78.01,5.67,214.3,47.63,31.08,32.72,74.17,4900.0,17,167,0.0,51.42
40.04,52.46,1.96,831.19,56.71,35.81,42.38,40.62,4900.0,14,93,4.0,63.55
37.4,67.16,5.21,470.19,57.77,34.22,37.4,70.55,8500.0,16,112,6.0,58.98
40.2,53.5,0.73,787.23,58.08,37.1,43.42,74.37,3100.0,10,173,0.0,68.9
28.42,92.26,1.76,25.37,35.56,27.75,28.65,73.06,3100.0,20,104,0.0,43.98
28.65,88.01,3.09,1.98,35.43,27.5,28.49,45.4,9200.0,21,97,0.0,40.55
37.55,69.75,6.57,566.86,60.37,34.74,37.18,61.19,8500.0,16,130,6.0,59.57
41.82,46.18,1.41,999.8,57.84,37.18,44.96,78.56,4900.0,12,108,2.0,71.87
26.0,93.08,3.72,111.59,28.15,25.55,26.26,44.65,3100.0,0,135,0.0,36.85
26.0,84.18,1.44,0.0,27.82,24.51,26.11,41.37,3100.0,1,117,0.0,34.0
34.76,66.62,3.43,460.15,47.62,31.78,35.6,70.28,8500.0,8,157,0.0,54.96
26.76,84.06,3.23,15.52,29.54,25.27,26.69,59.83,4200.0,2,104,0.0,37.34
27.18,83.58,7.17,42.18,30.53,25.66,26.56,63.21,3100.0,0,126,0.0,35.49
26.01,90.34,1.46,0.0,28.07,25.12,26.13,40.4,4200.0,20,90,0.0,34.8
37.69,59.66,1.53,619.43,53.63,34.4,39.8,32.71,8500.0,15,156,5.0,58.61
26.98,86.12,3.42,8.41,30.28,25.68,26.85,42.67,8500.0,22,113,0.0,36.03
26.25,89.48,4.15,0.0,28.66,25.27,26.0,60.79,9200.0,5,116,0.0,37.28
34.86,62.59,1.73,530.63,45.88,31.84,36.61,45.98,3100.0,16,129,0.0,53.64
26.0,91.85,2.24,0.0,28.12,25.26,26.03,74.4,8500.0,4,152,0.0,39.68
27.78,86.34,0.5,54.16,32.48,26.7,28.4,81.76,8500.0,4,150,0.0,44.65
29.13,84.58,1.28,0.0,36.17,27.62,29.29,77.11,8500.0,5,125,0.0,43.12
27.0,91.32,0.99,2.67,30.87,26.2,27.23,50.89,3100.0,2,113,0.0,39.99
26.75,88.84,1.36,55.09,29.93,25.85,27.17,37.31,8500.0,20,113,0.0,38.15
27.47,87.19,3.18,80.39,31.73,26.39,27.65,58.25,4900.0,22,93,0.0,39.89
28.08,82.92,1.16,0.0,32.78,26.42,28.25,41.22,4900.0,4,156,0.0,37.94
28.35,82.49,2.74,77.94,33.45,26.79,28.57,78.94,9200.0,20,123,0.0,43.18
28.41,82.01,0.5,0.0,33.52,26.65,28.7,70.62,4900.0,4,146,0.0,43.55
33.33,57.8,1.89,723.78,39.55,30.2,35.49,37.1,3100.0,9,138,0.0,49.2
39.89,60.6,4.04,680.07,62.69,36.08,40.73,50.04,8500.0,9,176,0.0,63.55
26.07,81.86,3.35,0.0,27.88,24.36,25.92,60.54,9200.0,18,142,0.0,34.19
33.85,66.41,1.68,460.15,44.56,31.22,35.45,76.26,4200.0,16,112,0.0,55.41
26.67,83.03,1.43,10.11,29.25,25.08,26.85,41.42,9200.0,20,158,0.0,34.9
37.8,49.65,3.52,882.71,47.81,33.0,39.38,43.29,4900.0,13,142,3.0,55.98
37.71,71.52,1.3,554.69,62.44,35.91,39.85,77.7,3100.0,8,151,0.0,66.19
41.92,45.82,0.5,957.95,57.88,38.75,45.94,42.53,9200.0,13,130,3.0,69.69
27.13,82.67,1.93,0.0,30.3,25.47,27.16,38.65,4900.0,0,146,0.0,35.85
26.71,92.18,5.33,24.16,30.12,26.03,26.39,35.91,9200.0,18,149,0.0,35.96
41.43,45.48,3.71,917.22,56.04,35.62,42.81,47.01,4900.0,12,143,2.0,64.37
41.13,55.65,1.07,931.41,63.37,38.21,44.45,42.4,3100.0,12,159,2.0,69.32
26.47,85.2,2.76,44.26,28.95,25.15,26.61,72.83,4900.0,3,146,0.0,38.74
26.96,86.43,1.31,0.0,30.27,25.68,27.1,67.55,3100.0,0,99,0.0,39.93
34.35,60.77,2.95,417.42,43.5,30.66,35.26,66.57,3100.0,16,129,0.0,51.13
31.0,77.68,2.5,231.78,40.06,29.15,31.7,38.18,3100.0,7,96,0.0,44.58
29.78,86.84,3.82,0.0,38.93,28.49,29.41,39.08,9200.0,1,127,0.0,40.6
27.39,81.82,1.13,202.12,30.83,26.2,28.41,64.31,9200.0,7,174,0.0,42.59
27.08,89.17,1.46,0.0,30.87,26.06,27.21,77.85,3100.0,6,150,0.0,41.43
26.0,82.31,1.13,0.0,27.75,24.33,26.14,73.79,3100.0,1,173,0.0,36.73
26.62,79.17,0.73,0.0,28.85,24.62,26.82,37.16,4900.0,21,92,0.0,33.73
26.64,80.51,8.33,0.0,29.01,24.78,25.74,44.34,9200.0,21,140,0.0,29.88
28.85,74.11,2.42,0.0,33.16,26.26,28.75,69.42,8500.0,2,175,0.0,38.68
29.95,74.85,0.96,226.86,36.13,28.09,31.13,67.69,4200.0,17,136,0.0,45.72
40.95,53.44,0.56,923.3,60.76,38.71,44.8,71.5,3100.0,11,157,1.0,71.02
32.89,78.79,4.99,0.0,47.11,30.66,32.02,31.82,4900.0,0,165,0.0,44.12
28.59,81.74,5.27,0.0,33.96,26.8,27.98,63.92,3100.0,21,127,0.0,39.02
45.72,56.43,2.53,948.27,84.53,41.63,47.94,75.34,8500.0,11,125,1.0,78.03
27.35,84.21,1.4,16.65,31.04,25.88,27.58,34.18,8500.0,4,130,0.0,36.51
31.58,60.44,1.79,514.1,36.23,28.47,33.26,77.0,4200.0,16,158,0.0,48.48
40.16,67.77,3.08,695.68,70.5,37.49,41.6,32.89,4200.0,15,102,5.0,66.08
38.31,57.87,1.64,865.62,54.58,35.25,40.98,77.07,9200.0,14,176,4.0,66.43
27.8,87.69,1.15,0.0,32.76,26.63,27.98,64.07,8500.0,22,147,0.0,40.08
41.93,49.59,2.92,891.74,61.06,36.87,43.76,47.78,3100.0,14,139,4.0,66.9
26.53,88.56,2.61,0.0,29.32,25.46,26.48,79.23,9200.0,4,119,0.0,38.75
27.0,77.59,3.01,66.16,29.52,24.95,27.14,76.74,4900.0,20,151,0.0,36.35
43.55,54.57,2.83,875.68,72.27,39.12,45.4,35.57,8500.0,13,114,3.0,70.5
27.83,82.12,3.48,0.0,31.99,26.1,27.59,69.59,4900.0,1,116,0.0,38.91
39.67,55.82,6.45,870.86,57.98,35.22,39.68,72.79,9200.0,10,140,0.0,62.66
27.5,89.51,2.09,0.0,32.14,26.51,27.53,72.18,4200.0,18,167,0.0,41.95
28.7,91.4,0.75,26.85,36.37,27.98,29.16,43.36,3100.0,6,146,0.0,42.85
26.0,88.43,0.5,0.0,27.98,24.92,26.24,35.9,4200.0,5,136,0.0,36.34
29.96,86.78,6.36,0.0,39.53,28.66,29.02,77.22,9200.0,1,128,0.0,44.2
27.72,87.86,2.32,0.0,32.55,26.57,27.7,60.3,4200.0,5,105,0.0,40.9
29.88,73.46,2.08,254.51,35.6,27.71,30.78,62.41,9200.0,17,111,0.0,42.05
29.87,83.9,2.45,0.0,38.36,28.27,29.78,47.76,8500.0,1,174,0.0,41.46
29.47,73.85,3.73,223.82,34.63,27.17,29.84,41.22,8500.0,17,143,0.0,39.16
38.88,46.68,1.34,784.0,49.18,34.14,41.49,40.66,4900.0,14,110,4.0,60.05
26.8,84.0,5.92,0.0,29.64,25.28,26.24,75.93,4200.0,18,161,0.0,37.36
29.01,86.05,0.5,1.03,36.15,27.66,29.34,47.12,9200.0,1,105,0.0,42.14
26.17,87.15,0.71,70.59,28.34,25.22,26.78,69.68,8500.0,19,148,0.0,39.44
28.15,85.18,5.24,31.06,33.37,26.76,27.74,58.27,4200.0,5,120,0.0,38.29
32.03,76.18,3.57,0.0,42.88,29.54,31.59,61.12,9200.0,0,131,0.0,44.49
29.6,85.32,2.36,0.0,37.89,28.16,29.54,63.57,3100.0,23,163,0.0,44.4
40.98,51.25,1.55,882.67,59.07,36.84,43.74,70.44,3100.0,14,121,4.0,68.28
27.89,84.69,4.45,0.57,32.53,26.41,27.49,62.39,4900.0,22,148,0.0,38.55
35.77,54.56,4.44,656.45,44.65,31.37,36.55,69.69,9200.0,9,123,0.0,54.72
33.25,86.92,2.19,52.51,52.93,32.02,33.47,73.91,9200.0,18,98,0.0,53.21
35.46,71.62,2.13,441.96,53.06,33.22,36.83,40.86,3100.0,16,170,6.0,55.72
26.12,88.14,3.04,0.0,28.27,25.02,26.03,48.73,3100.0,4,100,0.0,35.17
27.43,79.43,0.75,33.84,30.64,25.55,27.85,75.16,4900.0,3,99,0.0,40.48
41.13,56.42,1.68,647.63,64.07,37.12,43.22,59.14,8500.0,9,175,0.0,66.51
27.85,83.16,1.49,0.0,32.19,26.22,27.95,59.08,4200.0,23,106,0.0,39.8
33.86,63.69,2.75,428.05,43.35,30.61,34.9,67.7,9200.0,16,157,0.0,51.51
35.28,54.29,5.03,661.36,43.17,30.83,35.86,73.18,4200.0,9,137,0.0,52.02
32.94,67.84,0.93,447.63,42.36,30.85,34.88,45.11,3100.0,16,141,0.0,49.65
28.69,89.43,3.29,86.31,35.88,27.82,28.83,65.42,9200.0,19,114,0.0,44.58
28.0,94.12,2.08,0.0,34.5,27.47,28.04,80.69,4200.0,23,110,0.0,46.01
29.49,77.53,6.6,0.0,35.54,27.24,28.52,64.22,9200.0,4,154,0.0,37.57
28.19,77.12,1.83,42.31,32.1,26.03,28.43,77.31,4200.0,1,152,0.0,40.69
29.98,80.31,0.5,74.74,37.68,28.32,30.74,38.21,4200.0,5,178,0.0,40.59
29.09,83.42,0.97,0.0,35.78,27.46,29.31,72.87,4200.0,20,140,0.0,44.41
27.82,90.45,1.58,24.46,33.24,26.98,28.07,43.79,3100.0,1,125,0.0,40.89
43.82,52.63,1.53,1015.17,71.31,39.95,46.96,65.03,4200.0,12,170,2.0,75.93
39.36,52.77,2.79,811.98,54.61,34.92,41.15,66.56,3100.0,10,177,0.0,63.81
37.51,60.4,0.5,814.0,53.49,36.28,41.05,37.67,3100.0,10,155,0.0,62.84
37.8,62.09,3.33,710.96,55.68,34.49,39.16,75.58,4900.0,15,104,5.0,62.76
39.3,62.22,0.89,783.32,61.68,37.23,42.38,64.29,9200.0,10,128,0.0,68.83
27.05,86.6,3.25,0.0,30.52,25.78,26.89,37.17,9200.0,18,159,0.0,35.96
40.52,54.25,4.3,795.85,59.85,35.89,41.41,42.5,9200.0,14,90,4.0,62.14
28.33,86.18,2.76,0.0,34.06,26.99,28.21,46.68,8500.0,22,112,0.0,40.28
27.92,78.27,1.37,6.82,31.66,25.81,28.09,60.54,9200.0,22,128,0.0,37.41
39.22,67.49,4.49,675.98,65.85,36.33,39.9,64.65,8500.0,15,146,5.0,66.71
36.94,48.67,0.7,823.36,44.96,33.63,40.19,48.21,4900.0,10,170,0.0,57.82
26.58,85.91,6.53,13.41,29.26,25.27,26.03,61.75,4200.0,21,123,0.0,35.6
36.85,53.59,1.14,729.93,47.24,33.34,39.48,41.93,3100.0,15,130,5.0,57.49
34.02,76.92,3.89,177.27,50.53,31.82,34.03,60.65,3100.0,7,162,0.0,51.18
26.0,94.72,1.99,8.91,28.22,25.55,26.13,65.65,4900.0,3,102,0.0,40.45
30.54,79.16,1.16,249.69,39.1,29.12,31.75,71.1,9200.0,7,159,0.0,49.45
27.08,88.49,4.15,0.0,30.8,26.0,26.79,40.33,8500.0,3,95,0.0,36.31
30.48,93.59,3.03,0.0,43.92,29.88,30.29,43.02,8500.0,23,173,0.0,47.05
26.67,85.1,4.4,0.0,29.42,25.26,26.35,59.73,4900.0,2,141,0.0,35.25
30.77,82.07,0.62,31.61,40.82,29.08,31.31,69.92,4900.0,2,92,0.0,48.24
33.01,77.15,5.07,229.68,46.76,30.9,32.83,42.7,8500.0,17,170,0.0,46.87
26.0,80.57,0.58,13.47,27.69,24.21,26.31,64.9,3100.0,18,152,0.0,37.28
28.93,86.3,0.61,19.07,35.94,27.67,29.36,64.92,4900.0,18,138,0.0,44.27
30.32,85.53,1.52,0.0,40.44,28.89,30.45,45.98,4200.0,20,165,0.0,45.03
27.05,85.51,1.85,40.68,30.41,25.76,27.32,84.89,4200.0,4,136,0.0,42.33
29.95,73.03,1.29,258.18,35.65,27.88,31.1,58.47,4200.0,17,144,0.0,43.76
37.53,51.77,2.23,672.37,48.23,33.0,39.32,79.17,9200.0,9,153,0.0,59.5
26.61,90.84,3.69,0.0,29.71,25.76,26.41,86.48,4200.0,21,154,0.0,41.73
29.02,83.77,1.95,6.67,35.64,27.44,29.09,59.13,8500.0,20,170,0.0,42.17
27.79,88.93,2.79,0.0,32.91,26.74,27.69,56.37,4200.0,5,156,0.0,40.37
28.52,79.95,2.1,58.17,33.43,26.67,28.78,43.5,3100.0,0,179,0.0,36.11
26.0,78.61,2.0,2.72,27.61,23.97,26.04,51.64,4200.0,4,104,0.0,32.82
31.92,68.99,0.9,463.87,39.81,30.09,33.92,74.83,4900.0,8,121,0.0,51.2
39.83,55.33,2.06,883.63,58.19,36.12,42.25,76.45,3100.0,11,157,1.0,68.53
38.74,46.7,1.16,941.29,48.78,34.61,41.9,48.44,9200.0,13,107,3.0,62.25
28.77,85.7,0.72,55.56,35.31,27.58,29.36,75.41,4200.0,1,172,0.0,45.66
37.97,70.64,1.23,518.97,62.91,35.99,40.05,47.98,4200.0,16,132,6.0,62.61
40.47,51.1,1.31,916.5,57.17,36.63,43.5,42.39,9200.0,13,124,3.0,65.9
40.03,56.11,3.93,953.06,59.52,36.0,41.49,42.26,4900.0,12,167,2.0,63.0
33.49,64.24,4.01,444.66,42.51,30.22,34.13,36.55,3100.0,8,147,0.0,46.97
37.45,56.57,3.75,788.4,50.82,33.47,38.76,44.91,3100.0,14,122,4.0,58.03
27.51,81.1,1.06,0.0,31.05,25.68,27.68,54.73,3100.0,21,103,0.0,36.93
36.97,56.88,2.05,754.52,49.45,33.43,39.1,76.66,4200.0,14,123,4.0,59.82
26.56,84.93,2.11,0.0,29.14,25.13,26.57,46.35,3100.0,23,150,0.0,36.13
37.93,53.99,2.57,806.45,50.77,33.84,39.87,62.11,3100.0,10,93,0.0,59.9
37.05,59.97,3.51,692.96,51.58,33.45,38.3,62.74,9200.0,15,177,5.0,58.85
32.72,68.84,1.31,438.6,42.13,30.53,34.44,66.98,9200.0,16,148,0.0,51.26
29.24,83.61,3.82,48.41,36.28,27.7,29.1,47.14,9200.0,3,118,0.0,39.21
29.52,86.26,1.32,0.0,37.87,28.17,29.68,42.29,4900.0,0,172,0.0,41.72
26.14,70.88,1.24,257.54,27.54,24.03,27.27,70.36,8500.0,7,95,0.0,36.36
36.72,70.52,1.51,507.53,57.41,34.62,38.58,40.79,4200.0,16,138,6.0,58.5
27.36,82.82,2.89,47.3,30.89,25.79,27.46,75.7,3100.0,2,129,0.0,37.65
29.01,83.26,2.54,0.0,35.51,27.37,28.92,66.84,3100.0,19,172,0.0,42.2
40.21,55.33,0.79,814.48,59.57,37.37,43.46,40.11,9200.0,14,154,4.0,67.25
40.28,59.41,3.55,811.33,63.25,36.55,41.65,34.47,4900.0,14,158,4.0,64.35
26.0,88.3,4.85,0.0,27.97,24.91,25.67,77.6,8500.0,23,116,0.0,36.44
27.18,85.9,5.75,0.0,30.78,25.84,26.62,64.11,8500.0,21,169,0.0,36.97
42.41,54.88,2.35,981.55,67.8,38.48,44.85,65.66,4200.0,13,95,3.0,72.36
26.91,87.29,0.52,39.62,30.23,25.88,27.43,42.41,4200.0,22,102,0.0,38.06
43.03,55.81,3.71,991.5,71.34,38.81,44.58,61.13,4900.0,13,153,3.0,72.59
29.45,84.41,2.09,10.13,37.16,27.94,29.52,42.95,3100.0,23,151,0.0,41.29
29.34,85.07,3.63,0.0,36.97,27.88,29.02,43.37,4200.0,1,108,0.0,41.69
42.06,48.64,1.12,897.62,60.68,37.81,45.2,82.26,3100.0,12,165,2.0,71.24
45.2,47.99,0.5,815.91,71.89,41.44,48.91,42.62,3100.0,13,169,3.0,70.32
26.74,78.52,0.9,2.93,29.07,24.69,26.94,81.72,3100.0,23,132,0.0,38.25
27.0,80.77,0.85,62.49,29.82,25.36,27.54,33.91,3100.0,18,163,0.0,37.35
28.4,84.83,5.49,0.0,34.01,26.93,27.77,38.49,9200.0,6,178,0.0,36.33
26.1,89.88,5.87,27.14,28.28,25.19,25.75,32.38,4900.0,2,109,0.0,32.55
38.7,61.21,1.76,824.04,58.48,35.91,41.21,70.85,3100.0,14,157,4.0,67.2
27.86,89.37,3.93,12.6,33.22,26.88,27.64,46.87,8500.0,22,133,0.0,38.67
39.3,54.87,0.71,912.19,55.94,36.96,42.89,72.24,8500.0,13,112,3.0,68.78
38.3,53.62,1.83,860.61,51.7,34.52,40.8,63.34,8500.0,10,91,0.0,63.61
41.68,55.97,1.2,819.76,65.86,38.31,44.6,36.77,4200.0,14,111,4.0,67.65
43.5,48.39,1.93,873.23,65.71,38.41,45.93,47.59,4200.0,12,146,2.0,70.29
28.72,86.06,3.14,244.53,35.23,27.78,29.37,63.38,3100.0,17,161,0.0,44.47
27.52,82.08,4.21,19.57,31.18,25.81,27.27,64.91,3100.0,5,96,0.0,37.29
28.32,71.5,1.57,0.0,31.53,25.48,28.38,78.41,8500.0,2,167,0.0,38.13
29.38,81.99,2.4,0.0,36.31,27.59,29.3,36.15,4200.0,18,145,0.0,38.03
42.89,56.62,2.1,776.09,71.6,38.87,45.02,43.57,4200.0,14,156,4.0,70.91
27.92,86.8,1.41,0.0,32.95,26.65,28.05,45.49,8500.0,22,105,0.0,39.92
29.04,87.03,4.25,0.0,36.48,27.78,28.62,64.87,4900.0,4,172,0.0,41.82
36.37,67.86,2.01,706.16,54.2,34.21,38.47,53.7,3100.0,9,140,0.0,61.97
29.53,89.51,4.08,74.32,38.83,28.63,29.43,82.48,4200.0,6,171,0.0,47.8
33.48,63.04,2.58,471.39,41.98,30.28,34.71,75.06,8500.0,16,169,0.0,51.44
30.05,83.59,2.52,0.0,38.87,28.41,29.94,42.6,8500.0,6,161,0.0,42.98
27.86,85.86,2.03,0.0,32.63,26.5,27.88,59.59,4200.0,21,101,0.0,40.43
42.42,51.2,0.5,899.25,64.31,39.82,46.32,34.81,8500.0,11,142,1.0,69.15
33.8,73.25,2.09,486.24,47.71,31.92,35.32,40.43,3100.0,16,164,0.0,52.46
45.03,48.18,2.47,921.26,71.41,39.61,47.16,64.35,4200.0,12,94,2.0,73.88
26.0,89.09,3.43,0.0,28.0,24.99,25.86,44.42,4200.0,19,116,0.0,36.37
27.39,83.77,1.7,0.0,31.09,25.84,27.47,75.81,3100.0,3,101,0.0,39.56
41.05,63.19,3.84,673.87,70.13,37.55,41.96,71.41,4900.0,9,106,0.0,68.47
29.62,88.9,7.74,0.0,38.96,28.54,28.43,42.88,4900.0,2,95,0.0,39.81
35.66,59.65,1.54,465.12,46.88,32.13,37.32,74.61,8500.0,8,94,0.0,56.62
42.84,52.12,0.59,965.27,66.79,40.3,46.82,75.48,4200.0,12,146,2.0,74.89
30.06,77.46,3.35,278.11,37.13,28.23,30.67,78.13,4200.0,17,117,0.0,46.37
42.33,49.23,2.12,765.99,62.16,37.18,44.37,45.74,3100.0,14,167,4.0,67.35
26.37,87.6,3.14,7.9,28.86,25.23,26.31,72.13,9200.0,3,158,0.0,38.07
38.76,52.77,2.21,871.79,52.66,34.68,41.05,73.35,3100.0,14,148,4.0,63.33
28.97,91.22,4.87,13.72,37.27,28.16,28.52,45.27,3100.0,21,122,0.0,40.96
26.73,94.18,1.99,0.0,30.35,26.21,26.79,44.78,8500.0,1,151,0.0,39.8
37.05,46.93,1.09,830.98,44.39,32.91,39.96,72.49,4200.0,14,139,4.0,58.55
28.47,75.91,3.94,241.74,32.57,26.44,28.9,68.17,9200.0,7,108,0.0,42.09
28.79,74.27,2.35,223.55,33.04,26.65,29.53,77.48,4200.0,7,175,0.0,43.14
34.25,61.98,2.83,462.78,43.74,30.81,35.33,48.03,9200.0,16,158,0.0,49.23
39.8,51.67,1.19,888.54,55.3,36.14,42.85,61.55,3100.0,11,155,1.0,65.94
26.06,86.52,3.12,7.39,28.04,24.81,25.99,76.9,3100.0,18,136,0.0,37.33
40.3,57.68,0.5,651.13,61.87,37.8,43.4,38.08,4900.0,9,128,0.0,65.23
35.42,66.83,1.4,453.67,50.03,32.84,37.15,76.71,8500.0,8,157,0.0,57.31
26.0,75.0,0.96,0.0,27.48,23.61,26.14,69.27,4900.0,4,122,0.0,33.65
31.09,86.5,1.04,45.43,43.63,29.88,31.6,43.34,9200.0,5,102,0.0,45.86
30.15,85.92,3.23,48.08,39.97,28.84,30.12,44.72,4900.0,19,173,0.0,45.27
29.1,92.67,3.63,13.96,38.11,28.43,28.9,70.5,4200.0,1,143,0.0,44.06
31.65,81.0,2.37,47.23,43.51,29.79,31.78,44.58,3100.0,23,96,0.0,44.71
40.55,55.3,0.9,873.05,60.82,37.68,43.86,68.27,8500.0,12,168,2.0,69.54
30.32,80.55,1.87,0.0,38.82,28.36,30.34,44.84,9200.0,5,176,0.0,42.01
27.67,89.34,1.84,11.82,32.63,26.69,27.82,48.33,8500.0,4,103,0.0,40.79
30.32,83.66,1.82,31.03,39.82,28.76,30.54,36.72,3100.0,0,176,0.0,43.32
28.76,87.37,4.6,0.0,35.64,27.54,28.28,66.61,4200.0,20,108,0.0,41.31
29.0,83.78,3.27,0.0,35.59,27.41,28.76,63.26,9200.0,21,143,0.0,41.13
27.71,79.73,4.19,32.68,31.35,25.79,27.5,83.49,8500.0,20,109,0.0,38.8
26.53,91.61,1.23,62.29,29.55,25.93,27.02,45.56,4900.0,5,118,0.0,39.94
28.94,88.15,1.7,7.44,36.44,27.82,29.09,41.89,8500.0,5,113,0.0,42.62
27.84,89.7,4.3,0.0,33.19,26.86,27.48,81.27,4200.0,22,171,0.0,41.23
37.77,68.34,3.41,714.53,60.21,35.27,39.14,71.99,9200.0,15,152,5.0,64.17
28.85,82.96,5.02,0.0,34.97,27.18,28.28,38.07,4900.0,3,163,0.0,37.44
39.19,52.8,0.99,817.5,54.1,35.78,42.22,63.38,4900.0,10,146,0.0,65.94
27.38,86.93,4.43,0.0,31.46,26.14,27.02,43.87,8500.0,23,97,0.0,36.42
27.48,88.27,2.39,0.0,31.91,26.37,27.46,52.57,8500.0,22,179,0.0,39.01
33.65,67.79,1.35,430.75,44.55,31.24,35.33,38.3,4900.0,8,151,0.0,50.06
26.06,81.78,2.52,12.24,27.85,24.36,26.09,77.45,8500.0,22,118,0.0,36.98
32.68,86.91,1.08,32.17,50.4,31.45,33.15,77.12,9200.0,2,163,0.0,53.58
28.33,86.24,4.29,43.35,34.07,27.06,28.13,61.93,8500.0,18,106,0.0,40.71
34.29,81.94,3.44,284.97,54.64,32.85,34.78,62.54,8500.0,7,155,0.0,55.82
27.89,96.0,2.86,0.0,34.43,27.54,27.8,77.74,3100.0,4,95,0.0,45.63
26.0,87.04,3.4,0.0,27.93,24.79,25.86,70.9,9200.0,3,147,0.0,36.91
29.77,90.96,1.75,0.0,40.17,28.91,29.87,78.24,3100.0,23,158,0.0,46.31
26.76,90.86,4.21,0.0,30.13,25.91,26.48,47.44,3100.0,5,117,0.0,37.18
26.0,86.38,5.07,4.3,27.9,24.73,25.66,76.74,8500.0,1,151,0.0,36.84
27.6,89.05,1.17,52.58,32.37,26.71,28.06,71.98,9200.0,19,130,0.0,42.47
36.96,54.78,0.91,870.04,48.22,34.29,40.17,39.52,4200.0,10,158,0.0,60.55
28.15,91.93,1.37,59.36,34.6,27.55,28.62,60.59,4200.0,3,171,0.0,43.13
38.47,49.69,1.34,846.87,49.81,34.4,41.26,79.88,9200.0,14,179,4.0,64.31
26.0,85.66,1.71,31.63,27.88,24.73,26.25,61.12,9200.0,5,173,0.0,38.22
28.08,89.56,2.63,0.0,33.92,27.09,28.01,78.6,4200.0,21,130,0.0,42.65
37.89,66.64,1.0,402.75,59.39,35.21,39.75,58.04,3100.0,16,138,6.0,61.58
27.13,84.09,2.11,0.0,30.45,25.61,27.14,81.16,8500.0,23,138,0.0,39.33
27.98,83.4,3.3,20.02,32.57,26.4,27.87,66.91,8500.0,5,165,0.0,39.78
26.64,80.72,1.85,34.92,29.01,24.87,26.87,39.83,8500.0,18,160,0.0,34.61
26.0,86.73,1.87,0.0,27.92,24.76,26.06,40.34,8500.0,1,92,0.0,34.53
42.8,56.34,2.54,862.95,70.93,38.77,44.84,87.2,9200.0,14,99,4.0,74.59
41.0,53.94,0.97,938.51,61.36,37.99,44.42,45.36,9200.0,10,178,0.0,69.72
31.94,77.97,3.78,215.17,43.31,29.99,32.19,35.85,8500.0,7,124,0.0,44.15
26.0,87.5,0.5,0.0,27.94,24.83,26.24,81.33,9200.0,18,169,0.0,39.77
40.97,45.43,3.51,975.42,54.55,35.33,42.61,37.57,9200.0,12,91,2.0,62.44
43.66,47.51,0.5,917.61,65.45,40.41,47.63,78.1,4200.0,11,113,1.0,74.65
29.5,83.45,3.96,0.0,37.04,27.86,29.1,56.04,8500.0,4,163,0.0,41.04
30.82,87.58,3.38,0.0,43.02,29.59,30.52,39.35,9200.0,5,127,0.0,43.37
28.89,85.53,1.72,67.23,35.65,27.64,29.29,77.99,8500.0,21,111,0.0,44.57
26.51,85.69,8.5,0.0,29.07,25.16,25.61,73.03,3100.0,3,115,0.0,35.34
28.96,88.02,2.56,0.0,36.44,27.8,28.88,43.62,4200.0,18,132,0.0,41.29
26.3,80.49,1.08,6.34,28.28,24.46,26.5,77.69,9200.0,19,144,0.0,38.21
29.64,87.54,2.62,43.1,38.65,28.5,29.74,41.7,9200.0,0,128,0.0,43.32
26.27,84.78,1.25,0.0,28.45,24.83,26.41,76.64,4900.0,19,118,0.0,37.9
34.85,64.6,3.06,518.73,46.89,31.77,35.99,44.56,3100.0,16,109,0.0,53.03
37.71,53.36,1.45,912.69,49.7,34.32,40.6,43.79,3100.0,11,130,1.0,60.8
35.45,55.6,1.48,793.17,44.24,32.24,38.01,42.25,4200.0,14,143,4.0,54.88
26.71,83.56,6.74,0.0,29.4,25.15,26.04,43.53,8500.0,0,109,0.0,32.25
41.54,44.35,4.08,891.48,55.52,35.42,42.64,84.36,9200.0,13,108,3.0,66.95
27.23,85.59,0.6,105.37,30.88,26.26,28.04,58.55,4200.0,5,173,0.0,38.67
26.0,86.24,1.92,0.0,27.9,24.71,26.05,43.4,4900.0,4,155,0.0,36.41
40.23,52.24,1.16,868.51,57.22,36.6,43.27,37.7,4200.0,10,119,0.0,64.26
26.33,87.28,3.7,0.0,28.74,25.14,26.14,66.98,3100.0,3,142,0.0,37.73
42.92,53.15,2.92,950.8,68.16,38.43,44.88,33.56,3100.0,12,123,2.0,68.16
40.8,51.98,0.5,806.63,59.01,38.07,44.36,36.02,4900.0,10,111,0.0,66.71
26.0,82.79,2.95,0.0,27.77,24.38,25.9,48.2,4200.0,2,156,0.0,32.44
26.22,81.7,2.24,20.87,28.18,24.52,26.33,70.15,4200.0,0,95,0.0,36.63
26.0,86.05,1.9,0.0,27.89,24.69,26.05,78.87,9200.0,5,168,0.0,38.23
31.86,70.3,2.74,335.36,40.11,29.33,32.74,70.43,3100.0,17,116,0.0,48.13
26.16,85.5,1.93,13.97,28.22,24.82,26.29,52.64,4200.0,23,99,0.0,37.07
37.14,58.85,4.06,661.26,51.21,33.26,38.05,41.09,4900.0,9,162,0.0,55.28
29.51,74.74,4.06,0.0,34.92,26.95,29.05,64.75,3100.0,4,137,0.0,39.56
27.07,88.23,1.35,0.76,30.73,25.96,27.21,76.44,3100.0,22,159,0.0,41.48
37.71,55.7,4.99,629.96,51.14,33.22,38.08,78.55,8500.0,9,148,0.0,57.52
45.45,45.58,3.89,863.64,70.16,39.08,46.43,63.77,4200.0,11,148,1.0,72.54
27.79,84.56,2.43,0.0,32.23,26.3,27.74,73.12,3100.0,1,91,0.0,41.82
37.28,53.46,4.15,990.7,48.45,33.13,38.82,70.61,3100.0,12,118,2.0,60.02
33.65,76.78,2.39,191.04,49.02,31.55,34.23,42.78,8500.0,7,157,0.0,49.64
26.0,82.58,2.51,0.0,27.76,24.36,25.96,63.5,4200.0,1,154,0.0,35.31
27.39,86.98,5.16,0.0,31.49,26.16,26.91,73.04,3100.0,19,172,0.0,37.98
26.38,89.74,0.69,0.0,29.01,25.43,26.61,47.59,3100.0,0,115,0.0,37.07
27.9,81.78,5.37,0.0,32.11,26.13,27.32,48.42,4900.0,4,178,0.0,35.08
38.57,68.43,1.43,415.89,63.74,35.92,40.23,45.5,3100.0,8,99,0.0,62.27
34.15,67.04,2.15,493.55,45.81,31.52,35.63,74.5,3100.0,16,142,0.0,53.93
31.38,71.91,4.06,501.02,39.28,29.19,32.27,66.93,3100.0,8,168,0.0,48.04
38.21,58.47,2.05,800.9,54.66,34.9,40.46,47.56,4200.0,10,148,0.0,61.81
41.11,59.38,1.48,862.72,66.68,38.15,43.92,42.5,4200.0,14,111,4.0,68.96
28.78,84.83,2.28,0.0,35.16,27.3,28.75,58.53,3100.0,23,140,0.0,41.49
26.88,83.52,1.99,0.0,29.8,25.31,26.91,59.36,3100.0,5,137,0.0,37.67
26.29,85.42,3.38,32.07,28.53,24.97,26.29,57.51,9200.0,22,110,0.0,35.63
31.07,85.2,0.81,0.0,43.06,29.59,31.37,60.37,9200.0,2,111,0.0,49.66
34.26,64.81,1.42,484.23,45.1,31.57,36.05,39.43,8500.0,16,119,0.0,52.15
27.03,88.12,2.59,28.31,30.63,25.97,27.13,73.52,9200.0,4,114,0.0,40.86
43.43,51.25,1.22,930.86,68.28,39.45,46.62,67.04,9200.0,11,117,1.0,74.14
29.33,77.97,0.77,279.2,35.19,28.08,30.77,39.76,8500.0,17,154,0.0,43.14
39.95,51.13,6.59,831.18,55.44,34.73,39.75,81.69,9200.0,13,134,3.0,62.05
30.56,85.72,2.96,0.0,41.35,29.14,30.35,66.01,3100.0,20,157,0.0,46.9
26.0,77.68,2.54,23.18,27.58,23.92,26.07,80.64,4200.0,23,96,0.0,35.51
39.89,52.52,0.71,765.75,56.26,36.63,43.05,71.37,9200.0,10,138,0.0,67.5
38.52,61.35,5.92,507.64,57.89,34.52,38.17,41.53,4200.0,8,98,0.0,55.7
27.08,90.54,1.45,58.23,31.01,26.34,27.5,60.84,9200.0,1,125,0.0,41.93
39.45,48.85,3.15,862.98,52.22,34.41,41.12,37.93,8500.0,11,172,1.0,59.86
26.0,81.44,1.56,7.75,27.72,24.26,26.14,81.08,4900.0,2,90,0.0,36.73
27.22,80.34,7.98,26.24,30.27,25.35,26.4,47.31,3100.0,2,99,0.0,31.52
27.19,81.1,2.36,0.0,30.28,25.37,27.15,34.09,4200.0,0,125,0.0,34.32
31.11,82.07,3.59,232.09,42.01,29.66,31.51,70.09,3100.0,7,162,0.0,49.17
29.2,82.65,0.91,51.81,35.92,27.65,29.72,46.21,4200.0,21,135,0.0,42.8
33.58,84.21,5.79,212.33,52.86,32.21,33.13,41.07,3100.0,7,121,0.0,48.53
43.1,45.15,0.79,835.82,61.25,38.44,46.41,61.48,9200.0,10,121,0.0,70.5
36.96,63.77,4.57,382.92,53.7,33.29,37.03,71.92,3100.0,8,95,0.0,56.29
26.18,86.44,1.75,0.0,28.33,24.91,26.26,39.27,8500.0,4,137,0.0,35.41
40.75,47.22,1.15,937.2,55.16,36.48,43.94,63.42,9200.0,13,127,3.0,68.25
26.69,88.2,1.09,8.31,29.73,25.61,26.93,77.86,3100.0,2,106,0.0,39.67
26.35,84.9,1.01,36.97,28.63,25.03,26.73,46.7,3100.0,20,163,0.0,35.85
28.27,91.16,3.93,0.0,34.84,27.44,27.96,40.81,4200.0,4,116,0.0,39.97
26.0,94.42,1.13,32.78,28.2,25.59,26.37,33.48,3100.0,4,143,0.0,37.44
31.54,84.07,1.57,18.21,44.39,29.97,31.77,40.32,9200.0,18,139,0.0,45.51
40.39,49.61,2.06,840.88,55.77,35.68,42.67,57.23,4900.0,13,124,3.0,65.33
27.89,86.73,4.75,3.51,32.85,26.62,27.46,71.2,4200.0,3,174,0.0,39.53
44.21,49.88,1.34,896.9,69.97,39.72,47.2,43.5,4200.0,12,114,2.0,71.64
33.3,54.92,1.24,638.3,38.48,29.95,35.57,39.4,8500.0,9,117,0.0,48.99
33.61,71.78,2.69,188.52,46.31,30.91,34.05,36.85,3100.0,17,104,0.0,48.8
29.18,76.93,2.3,285.3,34.56,27.44,30.12,37.65,4200.0,7,93,0.0,40.71
31.65,74.98,1.79,283.54,41.17,29.68,32.72,78.44,4200.0,7,162,0.0,50.21
27.52,87.64,2.53,11.78,31.94,26.37,27.54,43.06,3100.0,6,116,0.0,39.25
30.18,80.22,1.35,267.52,38.28,28.88,31.37,43.96,3100.0,7,115,0.0,46.04
40.09,49.49,1.51,916.95,54.68,35.87,42.94,41.82,3100.0,13,108,3.0,63.03
31.93,81.14,1.94,0.0,44.6,29.99,31.94,44.14,9200.0,18,106,0.0,46.91
29.38,90.91,0.96,12.36,38.68,28.55,29.72,79.17,8500.0,5,132,0.0,47.09
26.1,78.53,2.82,0.0,27.8,24.06,26.01,41.17,9200.0,0,130,0.0,31.72
27.43,88.58,2.39,28.02,31.81,26.41,27.56,72.37,9200.0,22,131,0.0,41.54
38.71,58.37,3.46,771.52,56.4,34.91,40.1,44.34,4200.0,14,139,4.0,60.37
26.24,84.45,4.39,0.0,28.36,24.77,25.94,44.97,8500.0,0,173,0.0,32.12
35.74,64.38,2.34,423.6,49.76,32.52,36.92,68.5,4900.0,16,129,6.0,55.45
29.71,92.01,1.21,34.59,40.26,29.05,30.12,62.87,3100.0,0,128,0.0,46.3
38.2,50.99,0.75,781.15,49.77,34.85,41.31,37.29,9200.0,14,112,4.0,60.28
26.0,83.48,8.5,0.0,27.79,24.44,25.17,76.8,3100.0,22,141,0.0,34.35
26.0,80.36,2.12,0.0,27.68,24.14,26.01,74.02,3100.0,1,136,0.0,35.55
42.1,51.0,1.96,879.79,62.89,37.56,44.54,71.6,3100.0,13,152,3.0,70.63
28.19,82.29,0.53,0.0,32.97,26.47,28.47,34.97,4200.0,20,158,0.0,37.96
31.37,71.29,2.14,289.79,39.05,28.97,32.33,39.02,4900.0,7,132,0.0,45.02
33.48,72.89,1.73,229.02,46.41,31.09,34.4,70.99,9200.0,7,137,0.0,51.93
26.6,81.51,1.57,0.0,28.99,24.84,26.69,49.84,8500.0,18,123,0.0,35.23
26.77,86.4,4.91,0.0,29.77,25.48,26.37,42.22,8500.0,6,129,0.0,35.11
26.0,86.89,0.64,0.0,27.92,24.77,26.22,43.69,9200.0,18,164,0.0,34.78
26.0,85.67,1.36,0.0,27.88,24.66,26.12,75.88,3100.0,5,150,0.0,38.28
30.86,80.93,1.28,92.19,40.72,29.17,31.47,45.31,9200.0,5,139,0.0,45.24
28.88,91.7,3.1,0.0,37.07,28.1,28.71,57.44,4200.0,2,156,0.0,42.97
27.78,80.76,2.51,0.0,31.65,25.91,27.7,36.78,4200.0,6,151,0.0,35.68
26.81,86.33,4.79,0.0,29.87,25.52,26.43,63.64,4200.0,18,147,0.0,36.48
32.24,74.63,5.27,225.9,42.95,29.87,32.04,73.05,8500.0,7,122,0.0,48.78
35.41,61.11,3.72,628.81,46.87,31.95,36.49,74.16,3100.0,9,164,0.0,55.75
29.98,83.09,4.15,0.0,38.49,28.29,29.51,45.41,4900.0,19,105,0.0,40.74
39.59,55.1,0.57,862.92,57.12,37.43,43.21,71.66,4900.0,14,171,4.0,69.26
37.74,61.9,1.81,853.02,55.34,35.15,40.3,63.94,9200.0,14,137,4.0,65.05
31.34,84.37,3.03,5.22,43.73,29.77,31.13,65.63,3100.0,0,99,0.0,46.34
26.0,84.44,4.39,0.0,27.83,24.54,25.72,39.46,4200.0,19,171,0.0,31.46
26.0,82.9,1.91,20.22,27.77,24.43,26.16,71.51,8500.0,6,127,0.0,36.77
30.94,94.4,1.09,26.79,46.23,30.49,31.37,59.05,4900.0,3,108,0.0,50.37
31.49,81.23,0.72,0.0,43.03,29.57,31.81,45.38,4200.0,5,125,0.0,44.81
28.09,86.63,0.5,22.82,33.43,26.9,28.55,60.24,9200.0,0,148,0.0,42.01
26.61,82.48,7.53,37.61,29.09,24.99,25.99,48.58,4200.0,4,152,0.0,32.25
27.22,79.22,2.44,55.99,30.14,25.31,27.42,39.76,8500.0,22,166,0.0,34.59
29.04,78.35,7.08,0.0,34.48,26.88,28.02,61.68,8500.0,0,135,0.0,37.93
28.76,81.7,3.15,0.0,34.43,26.96,28.55,43.24,9200.0,3,92,0.0,38.35
28.34,86.11,0.86,5.29,34.09,27.02,28.62,64.1,8500.0,21,163,0.0,42.93
27.72,86.28,0.93,50.75,32.31,26.57,28.22,39.31,8500.0,1,154,0.0,39.02
37.73,58.37,2.19,629.17,52.92,34.04,39.48,76.89,3100.0,9,97,0.0,62.22
27.52,79.91,2.78,0.0,30.92,25.57,27.4,42.07,3100.0,4,140,0.0,35.86
35.82,60.79,2.05,701.49,47.98,32.77,37.84,48.36,8500.0,9,170,0.0,56.95
28.49,83.99,3.76,0.0,34.1,26.93,28.17,77.37,3100.0,0,162,0.0,41.28
26.0,80.39,1.16,44.3,27.68,24.26,26.38,75.23,4200.0,21,95,0.0,38.14
31.16,88.1,0.9,0.0,44.56,29.98,31.46,37.58,4200.0,5,178,0.0,46.63
41.59,46.62,2.37,990.04,57.41,36.44,43.97,74.97,4200.0,12,128,2.0,70.3
41.81,56.75,1.26,839.32,67.1,38.53,44.73,75.8,3100.0,14,149,4.0,73.45
27.55,83.37,4.59,47.14,31.44,26.01,27.34,43.92,4200.0,3,117,0.0,35.9
44.76,45.22,1.26,925.66,67.21,39.57,47.86,77.98,4900.0,12,143,2.0,74.24
26.9,81.45,2.14,3.24,29.65,25.13,26.92,65.97,8500.0,23,126,0.0,37.68
28.39,81.56,3.28,0.0,33.39,26.59,28.17,64.72,8500.0,19,98,0.0,40.16
30.95,84.11,6.0,0.0,42.2,29.35,30.0,62.06,8500.0,23,171,0.0,44.38
39.38,57.81,1.54,811.8,58.42,36.17,41.99,73.93,4200.0,14,145,4.0,67.19
31.42,75.2,0.8,277.3,40.52,29.78,32.87,73.64,9200.0,7,148,0.0,50.13
27.88,80.15,3.27,1.69,31.83,25.95,27.69,34.72,4200.0,4,174,0.0,34.91
40.37,61.36,1.26,772.12,65.4,37.68,43.12,47.81,3100.0,14,91,4.0,67.0
27.67,88.3,5.28,0.0,32.48,26.56,27.16,75.09,4900.0,3,150,0.0,40.0
39.74,48.69,3.87,917.27,53.04,34.59,41.13,80.43,9200.0,11,147,1.0,63.45
37.87,55.29,2.31,965.68,51.38,34.37,40.34,30.13,8500.0,12,149,2.0,60.07
26.0,88.62,0.83,84.7,27.99,25.22,26.64,39.65,9200.0,1,129,0.0,37.18
26.42,80.77,4.63,41.94,28.55,24.65,26.25,73.63,4200.0,18,125,0.0,35.25
27.33,88.19,0.82,0.0,31.48,26.22,27.56,61.31,8500.0,18,126,0.0,40.71
26.63,86.94,2.51,26.02,29.45,25.44,26.73,63.22,9200.0,3,168,0.0,37.79
26.0,80.62,3.51,101.98,27.69,24.33,26.23,69.72,4200.0,3,107,0.0,35.64
41.79,52.89,1.19,750.23,63.44,37.75,44.5,48.97,8500.0,10,152,0.0,67.4
26.0,80.42,2.61,3.59,27.68,24.15,25.97,73.52,3100.0,4,111,0.0,35.44
27.73,81.45,1.17,0.0,31.64,25.93,27.89,49.24,9200.0,19,100,0.0,37.66
36.98,53.01,4.52,752.89,47.3,32.39,37.85,72.28,8500.0,10,147,0.0,56.5
37.22,69.63,2.37,714.22,58.87,35.14,39.15,39.6,8500.0,9,146,0.0,61.87
35.22,79.36,6.23,220.7,57.1,33.26,34.47,65.47,4200.0,7,166,0.0,54.65
31.13,81.1,0.73,61.12,41.71,29.42,31.78,71.86,3100.0,5,93,0.0,48.12
28.82,76.02,2.31,47.75,33.45,26.52,28.98,39.18,9200.0,5,175,0.0,36.71
30.88,76.67,0.69,247.92,39.35,29.38,32.27,72.2,3100.0,7,96,0.0,50.39
28.09,88.58,0.97,0.0,33.79,27.01,28.31,43.61,4200.0,22,150,0.0,40.68
41.63,50.9,2.3,772.4,61.09,36.76,43.58,46.54,4200.0,14,143,4.0,64.69
40.6,52.2,0.73,857.28,58.48,37.51,44.02,78.92,4900.0,13,177,3.0,72.11
42.33,59.95,1.52,878.25,72.6,39.38,45.17,57.86,3100.0,10,157,0.0,72.67
41.24,45.49,2.74,832.48,55.43,35.53,43.02,69.66,9200.0,11,168,1.0,64.53
44.65,52.55,0.86,983.0,74.76,41.41,48.38,60.76,3100.0,12,90,2.0,74.84
34.63,75.7,0.53,265.19,52.27,33.09,36.29,37.61,9200.0,7,144,0.0,53.92
32.12,66.06,4.12,226.1,39.35,28.82,32.24,71.93,3100.0,17,92,0.0,46.23
29.88,86.11,1.42,0.0,39.06,28.51,30.02,39.83,4200.0,0,167,0.0,42.76
37.66,56.28,1.53,898.47,51.33,34.59,40.48,63.87,4900.0,14,127,4.0,63.79
29.27,78.56,2.8,203.88,35.16,27.49,29.84,66.9,3100.0,7,90,0.0,44.13
40.86,60.33,6.3,773.68,66.51,36.85,40.66,46.13,8500.0,10,127,0.0,63.74
39.75,52.06,1.71,940.12,55.44,35.87,42.53,63.5,3100.0,11,174,1.0,67.17
39.3,55.78,1.41,937.99,56.6,36.21,42.31,34.95,3100.0,11,118,1.0,63.73
30.84,87.03,2.28,13.48,42.88,29.58,30.88,80.51,4200.0,3,94,0.0,49.48
37.28,61.31,1.23,631.44,53.26,34.44,39.62,76.26,9200.0,15,163,5.0,61.46
27.8,90.63,2.21,57.25,33.24,27.04,28.09,74.86,9200.0,3,110,0.0,43.96
28.98,82.51,3.15,0.0,35.25,27.26,28.76,60.17,4900.0,4,160,0.0,41.3
27.78,79.45,4.12,57.44,31.49,25.86,27.67,77.48,9200.0,23,156,0.0,40.38
30.52,85.52,2.38,0.0,41.14,29.08,30.45,32.37,4900.0,4,136,0.0,43.57
32.02,79.03,2.77,314.62,44.02,30.41,32.86,61.49,8500.0,7,173,0.0,51.1
34.52,55.33,1.11,694.15,41.62,31.37,37.05,80.79,8500.0,9,172,0.0,56.21
38.34,68.12,2.03,443.63,62.47,35.55,39.73,75.06,8500.0,16,124,6.0,63.11
34.87,59.63,1.3,480.41,44.5,31.54,36.7,75.78,3100.0,8,157,0.0,54.84
28.36,79.91,2.21,27.19,33.01,26.45,28.48,81.63,3100.0,21,158,0.0,40.27
29.43,75.3,6.24,2.6,34.86,26.95,28.55,79.99,4200.0,18,90,0.0,40.24
39.55,51.28,1.59,920.83,54.2,35.6,42.36,71.21,4900.0,13,157,3.0,66.93
32.4,79.01,2.56,205.27,45.4,30.6,32.99,75.29,9200.0,7,101,0.0,50.79
35.27,68.75,3.43,528.67,50.62,32.64,36.28,40.46,3100.0,8,149,0.0,53.77
31.36,83.24,1.77,48.14,43.36,29.77,31.67,60.69,9200.0,21,116,0.0,46.35
38.82,48.14,5.2,768.36,49.88,33.29,39.26,62.22,8500.0,10,145,0.0,57.35
32.2,86.62,1.97,0.0,48.17,30.85,32.23,76.57,9200.0,22,112,0.0,51.74
29.66,79.82,4.25,0.0,36.6,27.64,29.18,41.01,4200.0,0,114,0.0,39.67
42.07,50.47,1.6,946.13,62.33,37.81,44.95,82.12,9200.0,13,110,3.0,72.21
26.99,84.3,2.37,14.5,30.13,25.52,27.05,60.08,4200.0,4,150,0.0,37.71
28.51,86.65,2.96,0.0,34.71,27.22,28.36,43.38,8500.0,20,152,0.0,40.75
39.89,49.17,1.01,899.01,53.84,36.08,43.11,40.62,4200.0,13,141,3.0,63.01
29.02,83.54,5.93,4.65,35.6,27.41,28.28,46.77,3100.0,3,177,0.0,39.24
28.19,86.56,2.77,11.38,33.73,26.92,28.15,71.93,8500.0,21,114,0.0,42.25
32.22,83.49,2.16,0.0,46.76,30.53,32.18,65.02,8500.0,22,144,0.0,49.5
26.2,87.91,4.69,70.42,28.45,25.17,26.16,63.87,9200.0,0,135,0.0,37.66
28.82,80.92,2.74,0.0,34.43,26.94,28.68,43.63,4200.0,21,121,0.0,38.14
27.17,88.14,3.14,0.0,31.02,26.05,27.03,45.63,9200.0,22,144,0.0,36.13
28.65,85.48,0.9,0.0,34.9,27.24,28.88,64.15,8500.0,18,94,0.0,42.99
31.17,80.25,3.24,238.92,41.53,29.55,31.68,35.37,8500.0,7,125,0.0,45.05
43.85,55.54,0.89,879.28,74.66,40.79,47.28,76.75,9200.0,14,138,4.0,75.2
27.26,84.89,1.34,41.63,30.88,25.92,27.62,68.46,4200.0,20,147,0.0,40.6
38.77,58.15,2.94,844.88,56.45,35.17,40.6,50.31,9200.0,14,128,4.0,63.2
35.27,77.97,0.63,479.85,56.41,34.7,37.64,69.24,3100.0,8,169,0.0,62.57
28.1,88.45,2.5,0.0,33.78,27.0,28.04,72.04,4200.0,20,174,0.0,41.99
34.07,67.71,2.21,484.12,45.89,31.5,35.51,74.11,4200.0,8,150,0.0,55.07
38.02,65.52,3.13,674.06,59.05,35.12,39.41,73.53,8500.0,9,98,0.0,64.57
27.37,81.02,2.72,8.04,30.69,25.55,27.32,38.44,8500.0,19,95,0.0,35.38
29.19,87.51,2.48,0.0,37.08,27.97,29.12,61.72,4900.0,20,124,0.0,43.81
36.13,65.81,2.23,477.93,51.98,33.19,37.51,42.12,3100.0,8,128,0.0,55.55
28.69,89.03,1.37,0.0,35.79,27.64,28.84,61.24,4200.0,2,111,0.0,42.9
26.07,92.67,2.6,29.19,28.33,25.46,26.2,43.53,4900.0,19,130,0.0,36.31
40.3,52.65,2.93,801.17,57.76,35.7,41.96,64.13,9200.0,10,94,0.0,63.62
28.99,79.73,2.29,23.89,34.67,27.03,29.07,80.2,8500.0,5,131,0.0,42.61
30.16,88.5,1.36,0.0,40.82,29.03,30.33,62.25,4200.0,1,176,0.0,46.55
26.43,90.61,1.74,0.0,29.2,25.56,26.52,44.32,4900.0,6,170,0.0,37.72
31.68,77.41,1.76,233.36,42.18,29.86,32.62,60.43,4900.0,17,165,0.0,49.37
28.92,84.71,0.63,0.0,35.55,27.43,29.21,39.69,4200.0,1,176,0.0,40.25
34.08,58.3,3.18,434.36,41.69,30.11,34.94,70.71,4200.0,16,169,0.0,48.86
40.77,51.25,1.39,739.24,58.32,36.39,43.27,73.24,8500.0,10,156,0.0,66.76
41.23,50.61,5.68,937.52,59.41,36.01,41.59,73.28,3100.0,11,119,1.0,66.5
26.0,90.4,3.41,20.84,28.05,25.15,25.98,35.89,4900.0,18,146,0.0,34.79
27.71,89.21,1.2,0.0,32.73,26.69,27.89,45.7,4200.0,21,175,0.0,38.99
30.46,86.25,1.1,2.23,41.17,29.1,30.71,80.73,4900.0,23,162,0.0,49.1
28.63,82.61,4.44,104.94,34.26,27.08,28.58,36.66,4900.0,6,118,0.0,37.26
29.09,87.12,0.65,75.57,36.67,28.12,29.81,42.53,3100.0,19,126,0.0,43.84
29.47,88.16,4.99,0.0,38.24,28.32,28.88,76.33,3100.0,5,176,0.0,43.54
28.67,79.78,2.62,45.64,33.8,26.76,28.77,64.94,3100.0,20,102,0.0,41.2
30.31,83.1,2.2,0.0,39.61,28.62,30.27,62.97,4200.0,23,121,0.0,44.65
26.0,87.43,0.68,0.0,27.94,24.83,26.22,78.51,3100.0,0,135,0.0,39.33
34.16,63.83,1.1,466.23,44.34,31.47,36.07,44.7,4900.0,16,112,0.0,51.41
41.3,55.68,2.35,883.28,64.06,37.39,43.52,32.17,4200.0,10,134,0.0,67.27
28.42,78.36,0.67,0.0,32.87,26.28,28.66,38.26,3100.0,21,106,0.0,36.89
33.05,78.73,5.13,213.3,47.71,31.1,32.82,36.07,9200.0,17,174,0.0,47.91
29.18,83.51,0.55,71.99,36.08,27.85,29.91,36.35,4200.0,20,155,0.0,42.32
36.39,63.65,2.87,414.15,51.59,32.94,37.3,59.78,3100.0,16,95,6.0,54.04
27.73,82.21,0.74,0.0,31.73,26.0,27.96,81.69,4200.0,6,107,0.0,42.11
33.05,64.38,3.4,523.37,41.31,30.01,34.12,70.0,8500.0,16,111,0.0,51.79
27.77,88.08,1.19,11.28,32.71,26.66,28.02,79.13,3100.0,19,122,0.0,44.31
32.39,71.59,3.62,505.16,42.19,30.17,33.39,40.17,9200.0,8,119,0.0,49.64
32.28,58.31,3.05,430.28,37.2,28.45,33.23,62.52,9200.0,16,170,0.0,45.89
26.0,87.71,2.48,0.0,27.95,24.85,25.98,44.84,3100.0,19,121,0.0,34.59
28.34,86.16,5.44,30.69,34.09,27.04,27.87,60.15,4900.0,21,131,0.0,39.66
29.33,87.54,2.66,0.0,37.59,28.12,29.23,71.26,3100.0,21,167,0.0,42.7
33.07,76.76,5.0,284.56,46.79,30.99,33.05,57.88,3100.0,7,99,0.0,48.96
34.09,69.15,1.28,471.68,46.66,31.96,35.94,78.66,4200.0,16,125,0.0,57.06
27.38,80.52,2.27,32.19,30.67,25.56,27.52,72.95,9200.0,6,123,0.0,39.37
30.53,85.01,4.17,52.57,41.01,29.12,30.27,37.09,8500.0,0,162,0.0,43.55
40.67,57.17,4.35,954.79,62.87,36.67,41.87,45.3,4200.0,12,117,2.0,65.78
28.86,91.21,5.97,0.0,36.89,28.03,28.13,44.88,9200.0,22,100,0.0,40.23
26.58,86.77,2.43,29.83,29.32,25.39,26.71,45.21,8500.0,18,167,0.0,36.16
28.16,90.0,0.95,24.27,34.25,27.29,28.54,59.56,9200.0,23,128,0.0,43.07
28.11,81.12,3.53,0.0,32.57,26.27,27.85,43.21,4900.0,18,136,0.0,36.38
35.62,73.58,2.32,474.32,54.95,33.63,36.99,45.57,8500.0,16,108,6.0,57.07
44.13,50.59,4.31,940.45,70.42,38.81,45.11,75.36,4200.0,12,104,2.0,74.65
42.08,63.28,2.86,624.72,75.01,38.59,43.4,72.44,3100.0,15,117,5.0,71.44
33.3,76.49,1.44,241.94,47.53,31.41,34.39,42.59,4200.0,7,113,0.0,49.45
28.71,85.71,2.43,38.96,35.13,27.4,28.85,62.91,3100.0,18,161,0.0,41.44
32.98,73.39,3.36,274.12,44.92,30.6,33.47,47.88,8500.0,17,98,0.0,47.83
30.0,81.67,2.72,0.0,38.14,28.16,29.84,37.32,3100.0,0,136,0.0,38.69
39.58,48.84,2.06,890.59,52.61,34.93,41.97,41.97,4900.0,13,122,3.0,61.5
29.16,87.08,0.74,2.1,36.88,27.91,29.46,77.91,9200.0,18,151,0.0,45.4
38.22,55.47,2.3,772.89,52.66,34.34,40.24,77.38,9200.0,14,108,4.0,64.85
30.44,67.94,0.5,244.04,35.59,28.14,31.88,41.08,4900.0,17,156,0.0,42.45
26.0,81.99,1.76,0.0,27.74,24.3,26.06,65.9,9200.0,1,163,0.0,36.25
26.27,83.3,1.43,0.0,28.37,24.69,26.38,44.67,4900.0,21,129,0.0,34.4
35.28,67.97,4.27,492.82,50.19,32.41,35.85,36.22,4200.0,16,136,6.0,52.97
33.31,76.65,1.02,222.86,47.65,31.49,34.52,62.76,9200.0,17,154,0.0,52.75
29.02,81.94,0.78,3.7,35.22,27.25,29.3,77.75,9200.0,5,118,0.0,43.11
26.18,83.98,3.44,0.0,28.21,24.67,26.02,62.78,3100.0,18,139,0.0,35.96
28.6,83.74,2.53,0.0,34.39,27.01,28.52,66.28,9200.0,3,102,0.0,41.62
26.82,85.44,4.24,0.0,29.82,25.44,26.52,34.22,4900.0,0,90,0.0,33.53
31.04,77.27,1.62,230.94,40.05,29.25,32.02,75.42,8500.0,7,123,0.0,49.25
29.75,83.57,1.7,3.8,37.9,28.13,29.86,37.53,9200.0,22,137,0.0,42.79
26.76,77.1,1.42,0.0,28.99,24.55,26.85,61.81,3100.0,6,166,0.0,36.04
29.72,86.27,1.58,31.94,38.55,28.44,30.01,81.63,9200.0,2,137,0.0,46.43
39.56,62.26,4.19,603.09,62.76,35.87,40.18,63.91,4900.0,9,138,0.0,63.41
36.72,59.13,6.8,628.28,49.96,32.64,36.4,40.4,3100.0,9,153,0.0,52.69
26.0,88.62,6.79,14.61,27.99,24.96,25.49,60.19,4900.0,18,150,0.0,34.23
39.58,47.44,2.05,955.38,51.7,34.85,42.13,61.86,9200.0,13,118,3.0,63.86
27.67,86.24,0.78,8.37,32.17,26.38,27.98,44.84,4200.0,1,128,0.0,39.57
28.85,81.25,0.5,0.0,34.6,27.01,29.15,41.08,3100.0,0,177,0.0,39.99
26.99,87.68,1.27,73.28,30.48,26.03,27.51,37.59,4900.0,22,115,0.0,38.37
27.16,84.83,1.98,31.69,30.62,25.78,27.36,42.21,9200.0,22,106,0.0,36.65
27.51,79.66,2.37,224.25,30.86,25.97,28.28,39.45,8500.0,17,160,0.0,38.42
30.47,84.44,2.07,4.31,40.6,28.93,30.5,41.42,4200.0,6,102,0.0,41.76
30.08,74.06,1.84,226.28,36.26,27.93,30.96,75.08,4200.0,7,158,0.0,46.76
28.98,91.41,1.2,0.0,37.35,28.17,29.18,80.09,3100.0,0,115,0.0,47.4
29.12,84.01,1.29,43.97,35.99,27.66,29.51,62.64,4200.0,22,138,0.0,42.25
28.8,81.54,0.5,13.88,34.5,27.04,29.2,73.88,4200.0,2,156,0.0,43.45
26.13,78.38,1.93,14.47,27.85,24.1,26.25,77.46,3100.0,23,96,0.0,35.7
29.1,74.29,1.25,34.41,33.79,26.61,29.43,41.17,4200.0,22,147,0.0,37.74
30.72,80.57,1.53,247.01,40.13,29.35,31.79,40.31,9200.0,7,138,0.0,46.86
28.56,82.43,2.88,11.58,34.03,26.87,28.48,38.28,8500.0,21,142,0.0,38.27
39.36,52.26,2.66,841.51,54.26,34.93,41.29,70.97,4200.0,14,154,4.0,63.8
26.0,81.33,5.0,7.48,27.71,24.24,25.67,46.37,4900.0,4,151,0.0,31.02
26.0,85.73,0.74,6.62,27.88,24.68,26.26,42.35,8500.0,2,106,0.0,35.36
27.73,91.84,4.37,0.0,33.21,26.97,27.38,66.54,4900.0,18,132,0.0,39.84
28.06,83.55,3.5,57.32,32.83,26.56,28.06,80.77,9200.0,0,114,0.0,42.12
39.71,54.29,1.89,843.35,56.95,35.85,42.14,78.39,4900.0,14,92,4.0,67.93
30.06,78.62,2.28,288.28,37.46,28.48,31.01,61.88,4200.0,7,168,0.0,45.65
26.5,81.3,6.0,31.99,28.76,24.76,26.09,76.39,3100.0,1,118,0.0,36.12
27.17,85.37,4.33,0.0,30.7,25.78,26.83,46.77,8500.0,2,121,0.0,35.33
28.76,84.37,1.27,106.32,34.98,27.51,29.41,74.24,9200.0,23,115,0.0,45.11
44.39,53.51,1.63,894.91,74.74,40.26,47.16,42.71,4900.0,13,105,3.0,72.96
26.72,91.77,3.06,11.61,30.1,25.98,26.69,67.25,4900.0,23,114,0.0,40.92
36.85,50.02,2.15,844.59,45.38,32.52,39.11,71.42,4900.0,13,143,3.0,59.79
41.88,51.95,4.54,804.76,62.94,36.76,42.56,73.98,3100.0,10,117,0.0,66.16
37.8,57.22,5.14,613.88,52.41,33.48,38.07,34.52,9200.0,15,162,5.0,54.17
30.47,84.3,3.91,0.0,40.56,28.91,30.04,79.71,8500.0,3,145,0.0,47.07
26.0,85.32,4.49,17.35,27.86,24.65,25.8,32.16,3100.0,19,154,0.0,30.83
26.0,84.17,1.79,0.0,27.82,24.51,26.06,77.14,9200.0,4,175,0.0,37.25
31.26,86.37,1.17,0.0,44.24,29.9,31.48,77.18,9200.0,21,169,0.0,50.28
31.07,82.84,3.32,44.35,42.16,29.41,30.96,81.34,8500.0,20,130,0.0,48.98
40.87,52.66,0.95,928.31,59.81,37.68,44.27,73.92,8500.0,13,140,3.0,72.58
27.59,86.7,5.24,0.0,31.99,26.32,27.08,45.36,4900.0,22,160,0.0,36.42
36.37,62.25,1.85,700.32,50.64,33.55,38.51,44.68,9200.0,15,167,5.0,57.58
35.17,73.84,0.9,224.68,53.32,33.01,36.47,79.18,9200.0,17,118,7.0,58.94
28.18,79.04,4.15,24.0,32.4,26.16,27.92,65.08,8500.0,6,172,0.0,36.91
35.87,58.63,0.5,722.71,47.0,34.14,39.07,77.84,4200.0,9,108,0.0,60.35
26.22,83.48,0.84,0.0,28.28,24.66,26.41,69.44,8500.0,6,155,0.0,38.22
27.64,84.57,0.74,0.0,31.85,26.16,27.88,47.91,4900.0,0,130,0.0,37.76
27.1,84.24,1.82,0.0,30.41,25.6,27.16,36.38,4200.0,22,134,0.0,36.26
27.88,89.52,5.69,0.0,33.3,26.89,27.28,76.52,9200.0,20,104,0.0,40.68
26.0,84.33,0.97,6.8,27.83,24.55,26.22,42.0,9200.0,18,92,0.0,34.76
40.34,60.53,6.27,689.61,64.52,36.31,40.04,43.82,4900.0,15,100,5.0,61.65
30.18,83.55,0.67,15.92,39.32,28.6,30.61,71.63,9200.0,18,142,0.0,45.96
29.5,93.4,2.38,54.38,39.85,28.99,29.73,50.47,4200.0,3,135,0.0,44.99
31.56,79.95,1.11,287.78,42.79,30.32,32.94,57.58,8500.0,17,119,0.0,50.26
27.0,90.58,4.55,28.8,30.8,26.16,26.79,80.32,8500.0,1,146,0.0,39.94
26.81,82.56,3.04,12.93,29.55,25.17,26.76,45.93,9200.0,0,107,0.0,34.4
41.11,46.24,5.24,834.76,55.59,35.12,41.48,36.6,4900.0,14,140,4.0,60.5
29.9,78.59,1.61,0.0,36.98,27.75,29.98,55.9,8500.0,4,137,0.0,41.92
26.0,81.84,1.78,0.0,27.73,24.28,26.06,34.27,3100.0,19,155,0.0,32.97
42.21,61.68,3.9,824.38,73.9,38.63,43.35,79.66,4200.0,10,97,0.0,73.0
40.42,57.28,3.02,662.52,61.98,36.23,41.73,67.47,4900.0,9,111,0.0,64.87
26.03,87.65,6.03,0.0,28.02,24.88,25.54,39.37,8500.0,1,95,0.0,32.54
30.03,79.64,4.08,0.0,37.65,27.98,29.56,38.52,8500.0,2,165,0.0,40.44
27.42,83.08,1.46,33.84,31.07,25.88,27.72,76.52,4900.0,22,146,0.0,39.4
30.37,81.18,1.72,31.01,39.19,28.55,30.6,40.58,9200.0,22,125,0.0,43.53
40.82,54.79,1.21,941.49,61.4,37.66,44.02,72.75,4900.0,11,168,1.0,71.51
29.7,87.67,1.74,3.13,38.88,28.5,29.8,76.89,8500.0,19,146,0.0,46.63
28.36,84.43,2.76,0.0,33.83,26.85,28.24,80.99,4900.0,4,138,0.0,43.23
27.14,81.22,2.42,4.41,30.19,25.34,27.13,57.13,9200.0,4,134,0.0,35.13
26.0,85.65,3.7,26.56,27.88,24.7,25.95,33.6,8500.0,5,171,0.0,33.0
35.66,58.97,6.96,516.17,46.53,31.51,35.17,69.81,9200.0,8,155,0.0,50.96
26.82,82.04,2.23,6.47,29.52,25.12,26.85,62.17,9200.0,1,166,0.0,36.29
30.76,90.19,3.2,0.0,43.79,29.81,30.51,78.25,8500.0,20,134,0.0,47.51
45.08,49.43,4.3,862.16,73.02,39.36,45.83,36.37,3100.0,11,168,1.0,69.65
30.13,89.47,2.65,42.33,41.05,29.19,30.23,39.59,4900.0,2,109,0.0,44.13
28.21,84.05,0.63,3.87,33.31,26.67,28.51,77.54,4900.0,19,153,0.0,42.62
29.08,88.49,3.41,96.73,36.98,28.13,29.22,44.91,8500.0,21,156,0.0,42.21
44.59,55.69,1.89,787.62,78.17,40.4,46.9,68.34,3100.0,11,172,1.0,75.9
29.52,81.65,2.66,33.11,36.65,27.76,29.55,47.41,4900.0,23,92,0.0,40.74
33.13,69.17,1.32,517.12,43.52,31.15,35.08,41.32,9200.0,16,143,0.0,50.99
36.11,64.93,0.96,692.51,51.36,34.22,38.82,46.96,8500.0,9,167,0.0,58.42
26.0,84.79,1.28,42.09,27.84,24.68,26.36,59.31,8500.0,23,153,0.0,36.62
40.92,48.34,3.8,952.86,56.55,35.66,42.36,66.7,3100.0,13,129,3.0,66.88
26.0,83.57,2.74,32.39,27.8,24.51,26.1,45.18,9200.0,22,148,0.0,34.89
33.87,66.98,0.77,452.46,44.9,31.79,35.95,77.94,3100.0,16,144,0.0,55.15
31.11,74.79,1.82,267.02,39.44,29.1,32.12,48.27,8500.0,17,151,0.0,45.24
30.34,84.7,2.58,10.11,40.21,28.83,30.28,65.35,8500.0,18,93,0.0,45.09
34.6,66.32,3.24,452.85,46.95,31.61,35.51,79.63,8500.0,16,149,0.0,55.78
40.91,49.75,2.39,869.74,57.62,36.1,43.04,47.09,4900.0,13,164,3.0,63.12
31.83,71.48,0.84,485.33,40.44,30.41,33.94,77.0,4900.0,8,119,0.0,53.49
30.78,77.92,3.04,246.14,39.44,28.94,31.37,75.83,4900.0,7,91,0.0,48.87
26.61,85.89,1.3,17.4,29.32,25.32,26.86,65.07,9200.0,1,151,0.0,39.42
42.26,52.23,0.59,962.92,64.64,39.76,46.21,43.65,9200.0,12,138,2.0,71.82
26.0,86.78,1.23,34.94,27.92,24.86,26.34,63.64,4900.0,6,98,0.0,38.34
35.51,67.0,1.63,436.51,50.44,32.82,37.08,78.06,8500.0,8,120,0.0,56.84
26.31,93.36,1.09,48.92,29.05,25.85,26.77,78.22,8500.0,21,150,0.0,40.43
28.92,82.35,2.28,0.0,35.04,27.19,28.88,76.65,9200.0,21,168,0.0,42.82
42.87,58.53,0.5,792.13,73.57,40.9,46.51,79.76,3100.0,10,137,0.0,74.76
42.53,53.12,4.84,935.72,66.53,37.67,43.28,71.44,9200.0,13,114,3.0,71.48
28.91,86.91,0.7,0.0,36.02,27.64,29.19,62.94,3100.0,3,125,0.0,44.37
40.45,48.23,3.81,939.45,54.95,35.2,41.88,77.18,4200.0,12,97,2.0,66.47
26.91,81.94,3.7,0.0,29.72,25.18,26.67,40.35,4200.0,1,162,0.0,33.44
30.51,88.12,0.81,0.0,42.03,29.35,30.81,71.96,3100.0,22,147,0.0,47.93
26.0,83.94,2.55,0.0,27.81,24.49,25.96,36.7,4900.0,4,134,0.0,31.5
40.6,50.64,0.5,795.61,57.24,37.64,44.11,47.43,9200.0,10,151,0.0,66.77
29.85,88.83,4.51,0.0,39.79,28.77,29.34,79.7,4900.0,5,128,0.0,45.75
35.02,79.34,2.71,264.09,56.19,33.27,35.69,80.67,4200.0,17,147,7.0,59.24
26.0,81.34,1.46,18.03,27.71,24.28,26.21,45.17,9200.0,20,170,0.0,34.15
36.38,60.72,2.9,645.92,49.78,32.95,37.83,70.83,4200.0,9,172,0.0,58.37
29.04,82.37,0.5,0.0,35.39,27.3,29.35,50.25,4200.0,3,153,0.0,40.48
35.93,64.7,1.45,446.01,50.61,33.02,37.61,42.99,3100.0,8,133,0.0,54.78
32.67,86.61,5.14,0.0,50.18,31.31,31.81,71.82,8500.0,5,118,0.0,49.19
30.72,84.81,1.0,0.0,41.61,29.2,30.97,39.58,4200.0,1,148,0.0,44.96
33.99,61.31,1.02,492.77,42.7,31.13,36.01,84.83,4200.0,16,160,0.0,55.92
27.96,90.47,2.15,6.64,33.7,27.08,28.02,63.44,9200.0,4,98,0.0,43.37
30.34,81.83,1.53,0.0,39.28,28.51,30.44,78.02,8500.0,5,95,0.0,46.06
42.83,48.2,2.53,931.77,63.06,37.65,44.98,67.71,3100.0,11,118,1.0,70.68
29.46,85.05,3.06,0.0,37.34,27.99,29.25,45.93,4200.0,22,147,0.0,41.72
27.72,88.56,1.6,48.03,32.64,26.75,28.07,63.32,9200.0,20,106,0.0,42.5
36.89,55.13,2.45,613.25,48.2,32.72,38.44,61.45,4900.0,9,105,0.0,56.66
26.36,81.74,2.69,0.0,28.47,24.62,26.28,45.57,4200.0,21,176,0.0,32.3
30.68,80.35,3.81,15.42,39.94,28.72,30.34,77.83,4200.0,20,92,0.0,44.44
29.07,88.79,2.63,14.11,37.0,28.01,29.06,65.11,4200.0,5,110,0.0,42.4
30.9,82.16,3.83,291.78,41.3,29.54,31.4,64.46,4200.0,7,153,0.0,49.11
26.0,88.53,1.56,96.78,27.98,25.17,26.55,64.05,4200.0,1,179,0.0,39.03
46.0,57.84,3.66,868.61,87.82,41.68,47.23,64.24,9200.0,11,125,1.0,77.19
44.37,46.93,3.5,954.74,67.49,38.58,45.86,47.1,9200.0,12,175,2.0,70.35
29.68,80.84,5.55,18.56,36.93,27.79,29.02,62.21,8500.0,20,151,0.0,42.3
27.34,79.93,0.5,0.0,30.51,25.4,27.6,30.62,4200.0,6,131,0.0,34.72
37.58,64.97,1.26,699.03,56.92,35.36,40.12,45.17,4200.0,9,165,0.0,62.86
40.69,52.36,2.04,954.53,58.92,36.61,43.27,80.55,8500.0,12,131,2.0,69.27
34.53,68.8,4.98,455.75,48.0,31.7,34.8,36.43,8500.0,16,150,0.0,48.43
27.88,86.7,1.35,0.0,32.83,26.61,28.02,81.6,4200.0,20,102,0.0,42.7
43.07,47.81,2.17,985.02,63.55,38.04,45.59,73.03,3100.0,13,100,3.0,73.89
27.39,80.77,0.5,0.0,30.71,25.53,27.64,79.91,3100.0,1,143,0.0,40.15
26.0,88.07,3.94,46.08,27.97,24.96,25.99,44.98,9200.0,21,105,0.0,35.09
42.96,55.46,1.73,801.11,70.7,38.99,45.42,73.28,9200.0,10,97,0.0,72.36
27.37,83.05,1.34,83.95,30.94,25.96,27.9,63.78,8500.0,0,148,0.0,40.5
28.85,89.39,3.29,38.9,36.42,27.9,28.82,77.0,8500.0,18,146,0.0,46.19
28.15,84.33,4.62,6.68,33.19,26.64,27.74,49.26,4900.0,20,129,0.0,38.14
28.55,90.18,3.13,0.0,35.58,27.62,28.38,64.27,9200.0,3,148,0.0,43.17
28.85,77.12,3.7,0.0,33.75,26.58,28.51,71.88,4900.0,18,91,0.0,39.7
26.0,87.94,0.92,0.87,27.96,24.88,26.2,36.73,4200.0,20,165,0.0,34.68
41.49,53.14,1.23,851.06,62.53,37.76,44.44,34.06,4200.0,10,99,0.0,67.25
32.7,77.48,4.22,230.63,45.8,30.67,32.82,78.61,3100.0,7,133,0.0,51.56
39.94,56.24,5.98,826.72,59.3,35.51,40.07,76.8,3100.0,10,100,0.0,65.56
28.77,82.13,3.9,0.0,34.56,27.02,28.42,37.16,8500.0,3,168,0.0,37.23
34.52,65.75,1.92,469.91,46.39,31.73,36.04,62.79,4900.0,16,169,0.0,54.07
27.02,79.41,3.58,0.0,29.73,25.04,26.79,40.25,4900.0,6,170,0.0,31.95
34.53,80.87,3.91,276.19,55.01,32.91,34.8,60.02,3100.0,7,179,0.0,55.59
27.99,80.2,0.5,33.7,32.09,26.2,28.48,73.49,4200.0,2,91,0.0,39.93
29.58,81.4,0.5,20.63,36.78,27.82,30.05,67.01,3100.0,21,139,0.0,43.93
26.0,78.83,2.16,6.5,27.62,24.0,26.04,69.75,3100.0,1,101,0.0,34.58
29.24,83.36,2.04,0.0,36.22,27.6,29.24,38.81,3100.0,22,179,0.0,40.89
39.71,56.64,4.07,897.89,58.76,35.68,41.0,65.43,9200.0,14,112,4.0,65.93
26.0,87.26,3.62,47.86,27.94,24.89,26.04,70.87,3100.0,23,107,0.0,37.1
29.23,86.82,3.36,0.0,37.06,27.95,28.98,33.41,3100.0,21,151,0.0,40.35
28.98,82.9,1.61,0.0,35.32,27.3,29.07,71.31,4200.0,21,151,0.0,43.2
30.56,88.99,1.08,43.28,42.52,29.61,31.05,72.4,3100.0,4,127,0.0,48.63
30.11,88.31,1.61,2.58,40.57,28.97,30.24,38.25,8500.0,23,156,0.0,43.03
31.04,79.04,2.76,0.0,40.68,28.9,30.84,57.21,3100.0,0,127,0.0,43.99
29.91,83.4,3.21,128.64,38.35,28.47,30.15,59.38,9200.0,3,156,0.0,44.85
38.8,56.21,2.95,812.02,55.14,34.86,40.54,56.71,3100.0,14,150,4.0,62.34
26.91,78.03,0.5,0.0,29.36,24.79,27.14,44.84,9200.0,19,90,0.0,34.81
29.84,80.29,2.61,0.0,37.26,27.86,29.7,67.49,4900.0,18,134,0.0,42.43
26.55,91.06,0.67,48.5,29.55,25.9,27.08,65.96,3100.0,2,117,0.0,41.12
27.67,90.03,0.89,47.21,32.73,26.88,28.17,38.03,3100.0,19,110,0.0,39.96
40.75,59.55,0.61,809.27,65.32,38.81,44.22,37.72,9200.0,10,102,0.0,68.19
36.31,68.84,1.13,444.23,54.59,34.03,38.19,69.2,9200.0,16,116,6.0,60.09
39.11,46.55,0.53,1022.52,49.75,36.51,43.2,69.18,4900.0,12,96,2.0,68.42
37.92,48.44,0.79,829.57,47.49,34.32,41.12,45.4,3100.0,10,111,0.0,59.31
26.7,78.63,1.6,0.0,28.99,24.65,26.77,73.32,9200.0,1,163,0.0,36.49
34.62,70.31,0.98,480.79,49.15,32.81,36.69,76.35,4900.0,8,142,0.0,58.39
29.41,82.46,3.26,0.0,36.51,27.67,29.15,67.92,9200.0,1,168,0.0,41.65
28.3,86.8,0.81,12.35,34.1,27.07,28.64,46.4,4900.0,20,168,0.0,41.44
34.58,75.28,2.1,442.84,51.8,32.81,35.98,41.65,4200.0,8,93,0.0,53.57
34.48,67.35,0.89,501.36,47.08,32.46,36.65,42.34,8500.0,8,112,0.0,54.84
33.74,72.31,1.21,263.1,47.01,31.46,34.98,61.13,8500.0,7,159,0.0,51.56
32.52,63.98,3.67,533.38,39.69,29.45,33.53,45.11,9200.0,16,177,0.0,47.01
30.16,83.36,1.53,3.17,39.18,28.51,30.3,84.34,3100.0,0,173,0.0,46.82
41.19,58.09,5.58,877.04,65.84,37.03,41.54,35.86,9200.0,10,173,0.0,63.52
32.89,78.29,3.15,173.24,46.88,30.9,33.18,62.63,4900.0,7,165,0.0,49.74
35.96,62.46,1.0,631.99,49.4,33.55,38.45,43.39,4900.0,9,122,0.0,55.45
26.0,79.57,0.71,0.0,27.65,24.06,26.19,74.75,4200.0,6,117,0.0,37.67
27.69,86.2,4.42,0.0,32.22,26.37,27.31,56.33,4200.0,2,97,0.0,38.23
26.0,82.9,6.3,0.0,27.77,24.39,25.46,75.27,9200.0,2,90,0.0,35.24
28.53,74.28,7.54,256.98,32.44,26.25,28.22,61.22,4200.0,17,126,0.0,36.98
28.68,81.06,0.82,0.0,34.08,26.82,28.91,71.25,3100.0,4,152,0.0,42.47
42.68,54.77,2.12,959.21,68.78,38.77,45.23,60.5,8500.0,11,111,1.0,72.7
40.11,47.63,3.28,873.4,53.43,34.8,41.7,47.54,4900.0,11,159,1.0,62.49
26.0,75.9,3.67,46.68,27.51,23.77,26.0,79.08,8500.0,18,110,0.0,34.3
26.12,85.77,0.66,0.0,28.16,24.79,26.34,77.13,8500.0,5,124,0.0,38.6
26.0,87.61,3.65,17.06,27.95,24.87,25.92,57.52,9200.0,1,168,0.0,37.14
41.55,47.8,5.12,943.32,58.25,35.93,42.19,71.34,8500.0,11,94,1.0,65.9
27.51,91.74,5.7,0.0,32.49,26.75,26.95,73.66,9200.0,18,149,0.0,40.28
29.05,80.63,0.64,9.33,35.03,27.17,29.4,43.93,9200.0,4,135,0.0,40.48
40.59,53.22,0.64,926.26,59.24,38.11,44.32,40.44,4900.0,11,139,1.0,69.7
37.34,64.53,1.98,438.73,55.67,34.15,38.73,45.79,8500.0,16,137,6.0,56.99
34.74,72.44,2.86,490.78,50.78,32.59,35.93,77.03,8500.0,16,95,0.0,57.72
36.13,54.4,3.11,667.26,45.59,31.88,37.51,38.09,9200.0,9,178,0.0,51.43
27.93,86.44,0.5,45.68,32.93,26.82,28.51,36.42,8500.0,22,145,0.0,39.9
35.99,73.85,0.91,480.53,56.68,34.59,38.14,57.93,3100.0,16,148,6.0,61.38
40.84,54.44,1.98,871.48,61.2,36.92,43.28,63.54,4200.0,14,118,4.0,69.73
40.79,48.4,1.31,942.39,56.18,36.56,43.87,77.74,9200.0,11,160,1.0,68.41
36.5,60.45,1.25,711.22,50.01,33.8,39.02,47.74,8500.0,15,166,5.0,59.3
29.62,87.78,0.5,59.49,38.65,28.68,30.33,80.62,3100.0,23,107,0.0,47.57
28.78,84.49,6.2,0.0,35.09,27.27,27.99,45.92,4200.0,18,91,0.0,38.34
31.5,78.72,1.47,265.21,42.09,29.97,32.65,61.17,9200.0,7,97,0.0,49.32
28.21,87.0,2.91,0.0,33.87,26.96,28.08,77.44,9200.0,20,164,0.0,41.65
33.52,60.17,1.3,487.73,40.94,30.37,35.36,63.24,4900.0,16,143,0.0,50.69
27.28,84.08,1.6,0.0,30.82,25.75,27.36,46.16,8500.0,22,127,0.0,37.41
26.0,82.7,1.96,63.93,27.77,24.5,26.34,66.99,3100.0,4,137,0.0,37.53
27.34,88.36,1.38,0.0,31.5,26.24,27.47,45.94,4200.0,21,116,0.0,37.9
36.41,59.18,1.13,701.37,49.01,33.63,38.99,42.79,4900.0,15,109,5.0,57.1
28.74,90.18,2.85,49.94,36.23,27.9,28.85,62.13,9200.0,5,101,0.0,44.23
29.81,69.21,2.77,237.15,34.41,27.08,30.44,74.0,4200.0,7,132,0.0,42.94
33.37,74.8,0.83,217.33,46.93,31.39,34.63,36.57,8500.0,17,150,0.0,49.12
42.88,54.24,4.37,913.53,69.09,38.21,43.85,79.83,8500.0,11,120,1.0,73.29
40.76,56.32,1.68,823.53,62.49,37.17,43.3,73.23,4200.0,14,150,4.0,69.44
32.82,66.58,6.95,436.0,41.52,29.7,32.52,47.27,4200.0,8,163,0.0,44.26
39.18,51.08,2.89,892.53,52.87,34.62,41.09,79.65,4200.0,12,156,2.0,65.7
37.54,45.42,3.22,830.84,44.89,32.11,39.15,44.16,9200.0,14,124,4.0,54.2
37.22,61.56,4.66,697.44,53.2,33.68,37.95,42.72,3100.0,9,104,0.0,56.53
39.0,62.27,1.74,722.64,60.5,36.11,41.27,74.41,4200.0,15,105,5.0,67.54
28.53,82.39,3.16,0.0,33.93,26.81,28.33,70.45,4200.0,6,102,0.0,40.65
35.47,69.77,5.74,552.16,51.96,32.79,35.6,64.2,9200.0,16,124,6.0,55.19
26.83,80.12,3.92,0.0,29.37,24.92,26.55,38.84,9200.0,22,164,0.0,32.75
26.63,92.51,2.16,0.0,29.91,25.95,26.67,66.71,4200.0,20,148,0.0,40.64
28.23,84.47,1.74,0.0,33.45,26.72,28.29,38.97,8500.0,21,110,0.0,38.05
31.73,92.62,2.16,0.0,49.01,31.02,31.73,64.72,4900.0,6,143,0.0,49.15
40.99,50.22,3.74,1010.64,58.26,36.12,42.6,73.7,3100.0,13,164,3.0,68.03
39.48,52.63,3.78,817.72,54.92,34.81,40.73,77.36,9200.0,14,119,4.0,63.54
29.97,83.03,2.92,42.87,38.43,28.35,29.98,48.98,4200.0,20,137,0.0,42.36
27.54,86.14,3.58,12.81,31.78,26.23,27.38,61.77,9200.0,6,124,0.0,40.01
33.01,69.46,2.56,510.42,43.26,30.67,34.38,73.96,3100.0,8,175,0.0,55.16
30.22,81.76,0.5,56.17,38.87,28.62,30.9,79.75,3100.0,18,127,0.0,48.8
40.66,60.64,3.77,709.24,65.97,36.89,41.68,77.39,4200.0,15,120,5.0,67.83
32.94,71.33,2.32,254.6,43.85,30.37,33.72,77.13,9200.0,7,167,0.0,51.86
30.6,72.09,2.29,234.62,37.14,28.19,31.36,54.65,4900.0,17,113,0.0,43.13
29.39,85.35,4.1,0.0,37.21,27.95,28.98,60.27,4200.0,22,138,0.0,41.68
33.42,74.45,5.38,259.09,46.95,31.02,33.18,74.95,8500.0,17,121,0.0,49.96
28.94,83.28,2.87,25.06,35.3,27.35,28.92,43.54,4900.0,19,144,0.0,40.53
26.69,86.19,3.79,0.0,29.54,25.38,26.46,43.94,4200.0,6,168,0.0,33.97
29.05,78.71,2.4,44.83,34.59,27.02,29.18,70.86,8500.0,2,147,0.0,41.22
28.04,73.3,2.44,257.56,31.21,25.89,28.87,53.25,4200.0,17,92,0.0,39.28
37.85,63.84,2.64,687.09,57.13,34.87,39.52,71.93,8500.0,9,169,0.0,64.02
30.12,84.09,0.82,45.13,39.26,28.69,30.66,82.88,9200.0,6,158,0.0,49.02
34.03,70.67,3.71,480.82,47.23,31.58,34.87,78.47,4900.0,16,174,0.0,55.65
41.11,47.54,1.55,963.82,56.57,36.56,44.04,62.38,9200.0,13,99,3.0,68.41
29.48,86.09,2.15,5.32,37.7,28.13,29.51,45.64,9200.0,23,172,0.0,40.41
28.12,83.55,1.07,0.0,32.98,26.52,28.3,40.83,4900.0,2,114,0.0,37.52
44.3,58.89,2.21,921.31,80.71,40.78,46.72,67.86,3100.0,11,157,1.0,75.56
39.32,53.91,1.95,935.99,55.31,35.61,41.94,51.14,3100.0,12,150,2.0,65.59
27.03,89.62,0.5,18.0,30.78,26.13,27.44,42.87,3100.0,1,118,0.0,38.74
27.49,79.38,3.03,0.0,30.79,25.49,27.33,76.83,4900.0,2,108,0.0,38.14
28.43,81.73,1.67,0.0,33.52,26.64,28.5,47.71,9200.0,4,132,0.0,38.48
36.08,61.98,3.29,753.9,49.52,32.95,37.62,71.33,8500.0,10,155,0.0,58.69
31.01,77.93,0.95,275.0,40.18,29.6,32.39,56.74,8500.0,7,163,0.0,48.9
27.24,84.72,1.5,46.6,30.81,25.9,27.6,77.14,8500.0,22,150,0.0,40.42
30.31,85.45,2.54,31.74,40.35,28.92,30.36,37.58,4200.0,22,132,0.0,42.05
40.27,54.1,5.23,867.93,58.81,35.63,40.83,79.58,4200.0,11,114,1.0,66.82
27.3,89.48,7.36,48.94,31.55,26.37,26.68,86.85,4200.0,6,109,0.0,39.67
35.33,56.06,4.18,856.6,44.13,31.49,36.69,43.45,4900.0,14,137,4.0,52.63
26.24,80.58,3.31,32.94,28.16,24.44,26.24,45.05,8500.0,23,172,0.0,32.88
37.42,70.5,1.69,461.72,60.38,35.11,39.06,72.47,9200.0,16,176,6.0,63.22
29.26,91.41,3.75,24.01,38.38,28.48,29.07,76.64,3100.0,3,113,0.0,47.24
30.58,82.68,0.91,50.09,40.37,28.99,31.12,71.82,8500.0,21,100,0.0,48.4
40.11,47.3,3.39,1012.57,53.2,34.95,41.94,80.01,8500.0,12,144,2.0,66.32
30.9,73.74,0.5,244.92,38.46,29.22,32.38,42.78,4200.0,17,117,0.0,46.07
28.59,74.55,6.42,14.5,32.63,26.08,27.82,39.63,4200.0,0,158,0.0,33.83
35.98,60.54,2.64,672.13,48.37,32.66,37.63,62.5,3100.0,15,152,5.0,55.85
42.0,48.45,1.28,915.57,60.31,37.6,45.04,79.69,4900.0,12,148,2.0,71.77
36.58,58.04,2.44,674.27,48.89,32.95,38.31,44.0,4200.0,9,94,0.0,55.37
46.0,51.51,1.42,897.96,79.44,41.55,48.95,76.19,3100.0,11,140,1.0,78.21
28.36,90.16,6.34,0.0,34.95,27.43,27.6,67.78,8500.0,1,110,0.0,40.22
28.91,85.13,1.93,52.75,35.61,27.57,29.2,39.53,8500.0,22,101,0.0,40.2
30.95,91.41,2.27,67.86,45.04,30.25,31.23,44.65,4900.0,2,139,0.0,49.34
37.36,59.7,2.27,670.67,52.48,33.93,39.17,60.73,9200.0,9,93,0.0,59.72
28.45,83.93,0.75,56.14,33.98,27.08,29.02,46.84,8500.0,1,131,0.0,39.69
27.91,86.5,1.93,0.0,32.89,26.62,27.95,39.79,9200.0,22,173,0.0,37.99
43.07,51.88,0.99,961.15,67.49,39.6,46.56,73.54,8500.0,12,127,2.0,73.33
41.01,47.33,1.57,944.0,56.09,36.38,43.88,44.52,4900.0,12,114,2.0,65.95
26.87,78.63,3.12,272.79,29.34,25.28,27.63,61.01,4200.0,17,103,0.0,38.69
26.77,82.93,2.6,68.15,29.48,25.27,27.01,37.67,9200.0,2,164,0.0,35.87
26.76,84.2,5.4,0.0,29.57,25.26,26.29,71.68,4900.0,6,121,0.0,36.25
40.16,50.79,1.32,856.26,55.89,36.13,43.02,45.36,4900.0,13,100,3.0,64.9
26.0,85.39,2.43,50.46,27.87,24.73,26.22,74.4,8500.0,19,150,0.0,37.98
36.18,68.0,1.21,455.78,53.57,33.8,38.05,64.5,9200.0,16,107,6.0,58.95
28.88,84.73,6.09,0.0,35.44,27.39,28.1,77.69,4900.0,20,116,0.0,41.45
43.34,49.6,4.5,913.0,66.28,37.86,44.17,58.73,4200.0,11,144,1.0,71.3
35.21,60.96,2.66,732.23,46.17,32.11,37.02,56.09,8500.0,15,143,5.0,55.37
28.8,75.63,1.0,0.0,33.33,26.37,28.98,82.26,4900.0,23,171,0.0,41.94
39.31,48.89,1.26,820.77,51.84,35.03,42.1,64.68,9200.0,11,176,1.0,63.79
37.44,54.78,3.63,828.92,49.7,33.3,38.89,40.19,4200.0,14,164,4.0,56.79
40.49,59.46,0.79,644.98,64.17,37.65,43.27,33.39,4900.0,9,110,0.0,67.34
26.39,86.08,1.25,0.0,28.8,25.08,26.53,39.68,4200.0,6,133,0.0,35.16
29.45,89.34,2.18,0.0,38.48,28.42,29.44,42.76,4900.0,19,94,0.0,42.45
29.64,87.84,1.91,23.88,38.72,28.5,29.82,55.53,4900.0,4,176,0.0,45.13
29.6,87.36,2.14,0.0,38.46,28.37,29.6,49.06,3100.0,0,130,0.0,43.11
33.03,66.08,1.86,553.04,41.92,30.56,34.8,74.44,8500.0,16,148,0.0,53.97
32.29,85.91,3.28,0.0,48.19,30.86,31.96,38.3,4900.0,2,178,0.0,46.39
39.76,52.67,0.5,911.07,55.91,37.68,43.62,43.52,9200.0,12,143,2.0,66.82
40.02,53.71,0.61,924.84,57.61,37.76,43.79,43.12,4200.0,13,163,3.0,66.87
27.63,87.86,4.79,0.0,32.29,26.48,27.2,66.83,3100.0,23,111,0.0,38.81
32.04,79.97,2.07,271.96,44.51,30.54,33.0,81.21,8500.0,17,172,0.0,52.37
26.0,81.96,4.82,0.0,27.74,24.29,25.65,43.27,8500.0,3,154,0.0,31.81
31.3,71.24,1.54,249.29,38.81,28.89,32.34,44.39,4900.0,17,153,0.0,44.77
29.77,83.36,1.26,10.88,37.91,28.15,30.02,74.66,4900.0,4,160,0.0,45.34
35.18,56.37,2.19,680.84,43.85,31.52,37.06,42.91,9200.0,15,93,5.0,53.03
27.86,81.64,1.83,0.0,32.0,26.08,27.9,33.13,8500.0,0,154,0.0,37.0
31.27,90.59,3.7,0.0,46.06,30.35,30.89,35.63,4900.0,20,104,0.0,45.73
39.9,53.5,3.41,966.21,57.02,35.63,41.67,47.57,4200.0,13,165,3.0,64.58
39.7,59.73,2.11,773.38,61.23,36.37,41.85,47.46,3100.0,14,111,4.0,64.88
32.85,66.3,1.45,471.68,41.49,30.37,34.59,39.12,4200.0,8,175,0.0,48.69
41.27,52.55,2.86,779.41,61.18,36.54,42.9,61.27,9200.0,14,136,4.0,65.81
33.17,69.08,1.48,553.77,43.6,31.19,35.14,39.66,4200.0,16,170,0.0,50.6
27.73,82.84,3.86,58.63,31.83,26.16,27.68,70.85,8500.0,23,135,0.0,40.06
28.13,86.66,0.99,0.0,33.57,26.85,28.34,35.17,9200.0,3,103,0.0,38.49
41.71,50.54,2.91,856.63,61.07,36.76,43.47,72.4,3100.0,11,139,1.0,68.46
30.17,78.89,3.1,34.23,37.86,28.09,30.08,76.58,4900.0,4,109,0.0,43.71
30.1,81.9,2.68,89.35,38.54,28.45,30.33,37.06,4200.0,4,139,0.0,41.05
37.5,55.87,1.08,830.93,50.55,34.61,40.48,65.13,8500.0,10,122,0.0,62.48
29.59,80.14,0.5,54.81,36.47,27.84,30.24,72.98,8500.0,5,148,0.0,45.64
30.59,86.6,1.11,0.0,41.79,29.27,30.82,38.75,3100.0,6,132,0.0,45.15
26.0,79.1,3.24,6.27,27.63,24.02,25.89,80.55,9200.0,23,168,0.0,34.46
41.48,54.11,3.54,944.72,63.36,37.1,43.09,42.53,8500.0,13,101,3.0,67.8
28.05,93.73,1.26,85.19,34.58,27.7,28.65,32.89,4200.0,23,129,0.0,42.66
39.82,53.69,0.89,855.79,56.9,36.74,43.07,33.69,4200.0,10,109,0.0,64.88
42.31,48.25,3.86,977.53,61.23,36.92,43.71,75.51,4900.0,12,127,2.0,71.54
26.56,81.47,3.08,0.0,28.89,24.79,26.42,46.14,4900.0,1,92,0.0,33.54
27.24,73.07,3.0,0.0,29.56,24.6,27.07,36.03,9200.0,6,117,0.0,32.51
27.45,82.87,1.37,0.0,31.12,25.8,27.58,79.27,3100.0,19,145,0.0,39.38
29.9,79.12,1.86,24.72,37.12,27.85,30.06,45.36,4200.0,3,179,0.0,41.2
31.44,76.28,1.9,212.14,40.97,29.44,32.26,43.59,4900.0,7,102,0.0,45.47
29.22,85.99,3.44,0.0,36.82,27.85,28.95,80.71,3100.0,19,166,0.0,44.76
30.63,85.77,0.92,0.0,41.64,29.22,30.9,40.24,9200.0,21,155,0.0,43.72
28.73,86.07,1.46,63.36,35.27,27.54,29.18,72.73,8500.0,20,126,0.0,44.38
29.01,80.16,1.44,91.26,34.8,27.27,29.55,67.77,4200.0,18,138,0.0,43.67
44.49,49.15,1.85,905.44,70.29,39.53,47.06,69.32,4200.0,12,155,2.0,73.96
43.42,44.78,2.49,937.09,62.0,37.61,45.56,39.58,3100.0,13,125,3.0,68.31
33.57,58.4,1.55,676.1,40.39,30.55,35.79,41.79,3100.0,9,143,0.0,49.37
38.18,56.33,2.18,847.54,53.1,34.62,40.46,44.45,4900.0,10,115,0.0,62.4
26.49,86.01,1.52,0.0,29.05,25.17,26.59,71.65,9200.0,1,164,0.0,38.27
34.48,71.12,2.09,508.08,49.08,32.37,36.05,60.07,4200.0,8,161,0.0,56.71
35.35,69.57,1.81,442.26,51.4,32.95,36.86,37.36,4900.0,16,129,6.0,53.55
26.0,87.07,1.48,0.0,27.93,24.79,26.11,56.73,9200.0,2,132,0.0,37.45
28.03,87.0,3.06,0.0,33.32,26.78,27.87,78.68,4200.0,23,111,0.0,42.87
28.26,90.6,3.22,20.24,34.71,27.41,28.19,36.05,8500.0,5,109,0.0,39.83
27.9,80.63,7.85,0.0,31.93,26.01,26.89,41.63,9200.0,4,97,0.0,33.28
28.82,82.63,1.26,1.2,34.79,27.12,28.99,77.1,3100.0,4,118,0.0,42.53
26.02,87.64,1.36,0.0,27.99,24.87,26.15,31.9,8500.0,21,129,0.0,33.94
40.0,54.99,1.48,777.12,58.53,36.29,42.55,75.6,3100.0,14,179,4.0,68.59
31.62,83.83,1.73,1.4,44.57,29.98,31.7,71.6,4200.0,22,119,0.0,49.13
36.1,65.21,0.57,493.17,51.49,34.09,38.51,37.29,3100.0,16,170,6.0,57.21
37.06,66.36,2.43,389.11,55.87,33.93,38.11,80.99,4200.0,8,173,0.0,60.07
27.43,84.44,1.17,1.23,31.26,25.94,27.6,79.82,8500.0,2,144,0.0,41.2
27.73,82.48,0.5,5.16,31.79,26.06,28.06,78.92,9200.0,19,105,0.0,41.96
34.88,63.18,1.19,499.76,46.25,32.1,36.84,40.17,9200.0,16,135,0.0,52.87
35.67,57.8,3.17,627.36,45.97,31.84,36.96,73.05,9200.0,9,151,0.0,55.89
26.0,88.04,1.94,0.0,27.96,24.89,26.05,61.21,4900.0,2,96,0.0,37.97
31.86,72.08,1.41,253.44,40.74,29.56,32.97,36.79,9200.0,17,169,0.0,45.65
27.35,73.75,0.7,221.58,29.85,25.58,28.56,69.69,9200.0,17,134,0.0,38.98
33.65,64.44,2.19,500.76,43.08,30.75,35.13,36.97,9200.0,16,148,0.0,49.62
27.61,84.97,2.13,0.0,31.8,26.16,27.61,37.82,4900.0,23,145,0.0,37.01
27.96,79.92,2.63,7.25,32.0,26.02,27.91,34.69,4900.0,2,137,0.0,35.88
26.0,89.34,3.58,0.0,28.01,25.01,25.84,64.31,9200.0,2,116,0.0,36.54
29.1,85.61,1.92,0.0,36.34,27.7,29.14,74.2,3100.0,5,142,0.0,43.77
43.64,47.19,3.17,919.69,65.03,37.99,45.29,38.83,9200.0,12,176,2.0,69.33
31.88,87.31,0.85,12.7,47.15,30.65,32.29,72.76,4200.0,23,177,0.0,53.24
39.35,51.36,4.77,830.02,53.61,34.38,40.12,62.1,8500.0,14,162,4.0,61.47
32.21,68.72,2.59,462.09,40.57,29.74,33.47,47.28,3100.0,8,124,0.0,47.38
26.0,87.0,3.2,0.0,27.93,24.79,25.88,47.15,8500.0,3,140,0.0,33.74
41.99,50.12,1.31,884.62,61.74,37.76,44.95,41.88,4200.0,13,173,3.0,67.84
32.23,92.3,0.5,7.44,51.18,31.52,32.74,39.91,4200.0,4,126,0.0,49.97
28.33,85.04,2.11,0.0,33.85,26.88,28.33,73.0,8500.0,1,170,0.0,42.18
38.64,62.66,3.36,809.13,59.35,35.51,40.19,45.55,8500.0,10,146,0.0,62.94
37.0,65.22,3.91,495.52,54.85,33.73,37.64,45.74,9200.0,8,97,0.0,56.42
28.75,80.7,0.71,0.0,34.2,26.85,29.0,60.95,3100.0,23,168,0.0,41.72
30.12,82.33,1.69,46.7,38.72,28.46,30.43,63.44,9200.0,2,109,0.0,44.6
35.29,66.5,1.98,417.91,49.38,32.42,36.63,79.59,9200.0,8,142,0.0,56.62
28.4,89.66,4.83,0.0,34.97,27.42,27.91,45.51,4900.0,2,101,0.0,39.07
26.26,86.89,1.39,0.0,28.53,25.03,26.38,39.97,3100.0,1,138,0.0,37.12
40.09,53.69,6.46,978.54,57.83,35.42,40.25,77.44,8500.0,11,106,1.0,64.05
37.23,55.14,2.23,685.35,49.25,33.23,39.08,36.3,3100.0,9,153,0.0,55.22
36.52,62.61,1.52,513.5,51.41,33.45,38.35,38.13,9200.0,8,131,0.0,55.47
38.0,55.61,1.1,838.83,52.01,35.02,40.98,73.66,8500.0,14,118,4.0,65.54
31.31,73.89,4.81,219.2,39.72,28.89,31.29,69.26,9200.0,7,108,0.0,46.28
26.0,77.06,3.04,0.0,27.56,23.81,25.87,82.2,3100.0,4,100,0.0,35.33
40.14,54.51,2.2,822.09,58.66,36.09,42.32,38.85,4900.0,10,139,0.0,64.51
26.24,80.65,8.38,0.0,28.17,24.4,25.39,77.78,9200.0,1,160,0.0,32.83
29.93,85.17,1.95,0.0,38.96,28.47,29.96,32.4,3100.0,23,147,0.0,41.05
40.81,56.51,3.08,840.12,62.84,36.77,42.48,44.61,3100.0,14,123,4.0,64.26
28.71,86.24,2.26,0.0,35.24,27.38,28.68,49.17,8500.0,5,109,0.0,40.49
34.72,75.99,1.75,192.28,52.78,32.55,35.53,38.29,9200.0,7,139,0.0,51.05
27.24,80.87,3.67,43.46,30.39,25.47,27.19,45.25,3100.0,4,177,0.0,34.98
36.5,58.27,2.23,643.34,48.77,32.9,38.27,67.01,9200.0,15,99,5.0,57.1
27.1,72.57,1.58,240.45,29.25,24.99,28.09,71.85,8500.0,17,121,0.0,38.03
28.27,82.71,4.35,0.0,33.26,26.59,27.86,34.46,8500.0,5,141,0.0,35.37
29.47,80.29,0.92,0.0,36.15,27.51,29.69,33.67,9200.0,4,104,0.0,39.63
39.85,64.2,1.26,743.69,65.71,37.52,42.54,75.44,8500.0,15,173,5.0,69.29
43.09,51.85,2.61,954.61,67.55,38.49,45.26,83.35,9200.0,12,92,2.0,75.33
30.89,88.18,2.21,0.21,43.53,29.73,30.87,72.83,9200.0,4,126,0.0,47.45
40.46,54.15,3.57,997.66,59.54,36.25,42.19,75.86,8500.0,12,129,2.0,68.82
35.72,80.99,1.74,483.87,60.57,34.77,37.44,61.73,9200.0,16,161,6.0,62.41
33.11,74.83,2.4,187.35,46.04,30.8,33.67,45.73,4900.0,17,129,0.0,49.27
33.87,71.47,1.21,261.38,47.06,31.49,35.11,82.0,9200.0,7,145,0.0,52.93
39.47,50.06,1.37,956.88,53.12,35.61,42.54,81.61,9200.0,12,112,2.0,67.17
27.87,81.09,4.06,0.0,31.93,26.03,27.52,40.78,8500.0,18,100,0.0,35.86
28.62,82.13,3.29,8.51,34.11,26.88,28.43,70.94,9200.0,2,153,0.0,40.43
30.16,85.35,3.45,28.57,39.79,28.75,29.99,83.75,4900.0,23,97,0.0,47.36
31.88,71.1,2.64,292.34,40.45,29.37,32.67,41.18,4200.0,7,145,0.0,45.49
28.18,90.91,1.59,11.4,34.49,27.35,28.37,40.5,3100.0,1,149,0.0,40.41
32.13,75.1,1.82,199.21,42.78,29.96,32.93,67.63,4900.0,7,99,0.0,50.12
41.13,49.91,3.56,953.8,58.51,36.15,42.73,56.91,3100.0,12,128,2.0,64.9
41.36,52.44,2.34,919.47,61.44,37.04,43.66,74.75,4900.0,12,117,2.0,70.04
28.71,80.24,6.82,37.02,33.99,26.8,27.94,44.68,9200.0,0,138,0.0,36.56
28.84,84.71,3.32,0.0,35.31,27.35,28.6,73.65,4900.0,5,125,0.0,42.31
27.91,92.65,1.16,132.71,33.93,27.6,28.72,34.36,3100.0,23,102,0.0,43.29
27.88,82.73,1.77,57.18,32.21,26.34,28.22,38.42,8500.0,18,125,0.0,37.96
36.45,60.72,2.55,656.76,50.02,33.12,38.1,41.72,9200.0,15,115,5.0,57.15
33.08,82.52,1.5,233.61,49.77,31.84,34.15,44.08,3100.0,7,175,0.0,51.99
26.0,85.65,3.55,16.88,27.88,24.68,25.92,37.35,9200.0,0,93,0.0,32.28
41.75,55.05,1.43,632.51,65.27,37.57,43.97,80.85,8500.0,15,171,5.0,70.69
33.98,65.98,3.59,521.77,44.78,31.06,34.95,37.46,4200.0,8,153,0.0,49.95
43.04,41.93,2.67,913.97,58.29,36.68,45.0,44.31,3100.0,12,127,2.0,67.08
39.6,54.37,2.39,833.87,56.62,35.53,41.69,63.1,9200.0,10,177,0.0,64.54
42.77,41.71,4.14,931.46,57.26,36.1,43.83,59.39,4900.0,12,176,2.0,67.75
28.56,83.28,0.92,54.71,34.18,27.1,29.08,44.22,4900.0,20,111,0.0,40.71
37.45,61.95,2.8,666.45,54.3,34.17,38.99,72.25,9200.0,9,91,0.0,61.61
29.01,89.48,1.71,0.0,36.98,28.0,29.1,58.34,4200.0,3,120,0.0,43.03
26.8,86.84,0.94,0.0,29.89,25.56,27.0,45.25,4900.0,5,100,0.0,36.26
26.29,90.48,3.0,56.67,28.8,25.5,26.45,80.55,3100.0,6,135,0.0,41.58
26.69,83.0,8.5,0.0,29.29,25.07,25.76,71.19,9200.0,4,151,0.0,32.95
39.88,50.2,1.76,818.37,54.52,35.4,42.31,32.15,4200.0,10,158,0.0,60.43
43.71,41.56,1.78,937.63,60.08,37.62,46.36,80.7,4200.0,12,153,2.0,72.24
30.51,78.89,0.61,0.0,38.91,28.37,30.82,67.98,3100.0,18,99,0.0,45.94
27.7,84.03,2.25,0.0,31.92,26.16,27.68,71.39,9200.0,22,129,0.0,40.89
36.27,57.37,0.5,696.81,47.53,34.23,39.39,75.23,9200.0,9,113,0.0,60.46
35.75,57.1,0.5,614.35,45.84,33.37,38.59,60.61,9200.0,9,133,0.0,57.55
37.91,52.51,2.98,837.78,49.8,33.56,39.69,37.4,9200.0,10,149,0.0,57.8
26.56,86.09,2.54,61.55,29.22,25.36,26.8,80.73,9200.0,20,151,0.0,39.45
28.05,83.2,0.5,3.49,32.74,26.43,28.37,35.24,3100.0,6,176,0.0,38.89
32.44,71.84,1.91,333.85,42.45,30.17,33.6,80.59,8500.0,17,106,0.0,51.82
29.3,81.57,5.74,37.48,35.96,27.52,28.7,44.39,9200.0,3,154,0.0,38.71
28.65,87.86,2.89,0.0,35.4,27.48,28.51,44.98,4900.0,1,146,0.0,41.33
39.17,46.9,2.97,863.24,50.14,33.9,40.94,68.51,8500.0,13,144,3.0,60.72
42.65,48.25,4.59,999.9,62.43,37.13,43.63,74.09,9200.0,12,142,2.0,70.49
41.06,54.32,1.07,872.18,61.91,37.77,44.21,39.76,8500.0,11,145,1.0,68.53
30.51,90.55,1.29,33.29,42.89,29.68,30.9,77.54,9200.0,6,98,0.0,49.83
29.64,81.53,0.5,0.0,36.97,27.8,29.96,41.66,9200.0,1,111,0.0,41.19
42.04,45.74,1.91,986.06,58.2,36.91,44.74,39.71,9200.0,12,102,2.0,67.16
41.43,49.64,6.63,895.22,59.31,35.9,41.16,78.16,9200.0,13,178,3.0,65.25
34.0,73.19,0.94,454.36,48.41,32.5,36.0,63.6,8500.0,16,137,0.0,55.42
34.33,69.72,0.95,475.08,47.78,32.47,36.39,71.36,4900.0,8,107,0.0,54.98
34.46,67.75,2.54,477.06,47.2,31.79,35.72,60.16,9200.0,16,165,0.0,53.14
30.03,78.81,6.69,304.23,37.43,28.25,29.86,78.4,4200.0,7,129,0.0,45.26
29.69,87.48,8.5,6.94,38.81,28.48,28.37,79.59,9200.0,1,106,0.0,42.83
27.02,84.97,8.08,59.38,30.27,25.65,26.33,46.67,8500.0,23,104,0.0,34.43
40.84,45.96,7.35,967.37,54.52,34.81,40.38,38.77,9200.0,12,104,2.0,58.45
28.96,82.11,3.41,0.0,35.1,27.2,28.69,74.84,4200.0,2,168,0.0,42.03
37.34,61.03,2.26,690.15,53.29,34.13,39.22,73.42,8500.0,15,152,5.0,62.88
26.0,91.13,2.75,48.62,28.08,25.27,26.18,39.19,8500.0,5,128,0.0,35.66
26.0,81.01,3.11,51.37,27.7,24.29,26.11,43.62,4900.0,18,102,0.0,33.26
28.31,88.64,3.28,0.0,34.47,27.22,28.11,74.99,4200.0,6,170,0.0,43.23
38.16,63.28,1.01,684.29,57.94,35.86,40.84,36.64,4900.0,9,121,0.0,62.71
36.23,64.84,5.13,434.6,51.76,32.79,36.26,60.22,4200.0,8,98,0.0,53.71
29.24,84.03,5.27,0.0,36.38,27.67,28.59,57.37,9200.0,1,129,0.0,40.41
38.67,58.39,4.69,836.03,56.23,34.78,39.57,58.31,4200.0,14,109,4.0,61.99
28.45,84.99,2.2,71.9,34.18,27.14,28.76,37.53,3100.0,4,179,0.0,40.06
29.9,88.53,1.34,51.92,39.88,28.92,30.35,31.03,4900.0,21,174,0.0,42.9
31.6,90.27,1.91,13.77,47.34,30.68,31.74,79.87,9200.0,3,171,0.0,51.87
30.16,79.02,3.63,63.95,37.87,28.14,30.06,80.54,9200.0,19,166,0.0,44.81
28.89,88.05,1.21,0.0,36.25,27.74,29.08,43.66,4900.0,3,169,0.0,40.82
30.63,75.93,2.83,185.08,38.36,28.49,31.1,37.83,4200.0,17,162,0.0,41.89
26.76,77.07,1.56,0.0,28.98,24.55,26.83,76.54,3100.0,3,152,0.0,36.44
34.74,66.75,1.72,504.87,47.64,32.19,36.45,65.22,3100.0,16,165,0.0,56.49
40.55,43.78,1.66,883.51,52.13,35.18,43.16,42.84,4900.0,11,133,1.0,61.59
28.65,81.98,1.09,19.69,34.17,26.94,28.96,68.83,4900.0,21,127,0.0,43.33
33.67,65.89,1.2,560.09,43.75,31.46,35.8,72.46,9200.0,16,172,0.0,55.63
35.5,57.55,2.02,718.5,45.32,32.1,37.57,62.17,4900.0,9,149,0.0,55.73
27.37,86.33,2.12,34.12,31.35,26.14,27.56,75.38,4200.0,21,160,0.0,41.8
29.61,82.52,2.16,0.0,37.14,27.87,29.58,64.7,3100.0,0,137,0.0,43.45
28.57,86.31,1.69,35.5,34.82,27.33,28.84,61.52,9200.0,21,107,0.0,42.53
26.0,86.47,2.61,0.0,27.91,24.73,25.96,40.04,3100.0,23,105,0.0,34.67
33.12,80.0,0.5,221.06,48.62,31.96,34.6,59.75,4900.0,17,144,0.0,53.64
31.09,74.34,1.83,309.92,39.22,29.12,32.23,77.39,8500.0,17,128,0.0,50.07
39.26,49.25,4.07,887.7,51.9,34.16,40.5,60.74,4900.0,13,157,3.0,60.18
39.33,49.69,2.49,838.01,52.42,34.57,41.34,40.47,4200.0,14,148,4.0,59.09
39.41,50.65,1.29,936.55,53.32,35.67,42.5,61.11,8500.0,11,178,1.0,65.95
28.8,86.35,2.46,0.0,35.55,27.47,28.73,45.05,4900.0,3,151,0.0,39.3
26.0,88.04,1.91,0.0,27.96,24.89,26.06,71.92,4900.0,2,102,0.0,37.27
30.18,83.85,1.53,0.0,39.41,28.58,30.3,69.33,3100.0,19,170,0.0,45.07
42.21,53.75,1.03,889.14,65.89,38.84,45.46,60.21,3100.0,11,95,1.0,71.24
31.81,83.96,5.19,76.33,45.36,30.28,31.28,41.6,9200.0,6,172,0.0,44.62
39.81,50.78,1.64,829.22,54.71,35.52,42.35,63.91,9200.0,10,166,0.0,66.58
26.0,84.87,1.5,0.0,27.85,24.58,26.1,32.56,3100.0,0,149,0.0,34.32
32.53,85.76,1.39,0.0,49.14,31.08,32.71,61.55,9200.0,5,179,0.0,50.68
37.07,53.37,1.87,774.4,47.78,33.16,39.34,45.42,3100.0,14,103,4.0,55.96
41.33,59.07,1.45,824.35,67.35,38.25,44.07,59.02,4200.0,14,143,4.0,70.39
26.28,82.41,1.72,17.06,28.35,24.65,26.45,66.47,4900.0,18,93,0.0,37.45
40.12,60.65,4.84,751.06,63.69,36.31,40.69,35.09,3100.0,10,128,0.0,62.28
26.0,87.64,2.4,0.0,27.95,24.85,25.99,64.11,9200.0,22,161,0.0,37.54
29.84,83.28,2.66,40.44,38.11,28.26,29.91,59.62,4900.0,1,114,0.0,42.99
41.57,53.51,2.5,945.28,63.14,37.37,43.81,70.23,8500.0,13,166,3.0,70.93
28.35,84.37,1.27,0.0,33.78,26.83,28.5,82.1,3100.0,1,121,0.0,44.53
27.04,84.25,1.62,0.0,30.24,25.53,27.12,77.27,3100.0,3,148,0.0,39.7
38.56,65.46,2.47,481.4,61.24,35.4,39.81,73.79,4900.0,16,152,6.0,63.58
27.35,84.07,1.04,0.0,31.01,25.82,27.53,74.18,3100.0,2,127,0.0,41.09
40.86,45.07,3.14,936.09,53.96,35.2,42.64,41.19,3100.0,12,142,2.0,61.6
33.0,61.55,1.98,468.36,40.08,29.77,34.47,76.89,4900.0,8,156,0.0,50.77
28.87,80.26,2.94,48.28,34.44,27.01,28.92,72.41,9200.0,6,117,0.0,42.46
37.85,57.84,3.78,827.99,52.98,34.08,39.23,61.47,4900.0,14,92,4.0,60.57
28.4,86.97,1.92,26.11,34.43,27.2,28.59,73.44,9200.0,22,169,0.0,43.07
40.21,56.82,0.79,848.26,60.8,37.7,43.57,72.02,9200.0,10,111,0.0,69.8
28.62,85.56,5.7,19.15,34.83,27.24,28.04,32.73,4900.0,19,127,0.0,37.45
26.77,86.67,0.77,0.0,29.79,25.51,26.99,35.95,3100.0,1,161,0.0,36.82
42.91,58.59,3.47,813.07,73.8,38.89,44.25,76.4,8500.0,14,161,4.0,72.4
41.31,53.78,1.06,838.99,62.41,37.84,44.38,79.33,9200.0,13,151,3.0,69.87
28.56,85.43,2.45,68.39,34.61,27.28,28.81,64.33,4200.0,19,146,0.0,42.46
29.77,79.93,3.26,42.9,36.94,27.83,29.69,62.28,4900.0,21,95,0.0,42.05
41.16,57.59,2.8,805.38,65.25,37.26,42.93,66.42,4900.0,10,167,0.0,68.45
28.27,80.56,0.5,70.09,32.89,26.67,28.97,72.3,3100.0,2,121,0.0,42.29
35.23,67.24,1.55,398.29,49.61,32.52,36.73,55.45,4900.0,16,99,6.0,55.43
39.55,49.89,0.93,936.77,53.24,36.12,42.95,73.62,3100.0,11,92,1.0,67.32
27.31,93.45,3.03,49.48,32.08,26.8,27.43,46.98,4200.0,23,148,0.0,39.79
27.02,83.91,1.37,0.0,30.16,25.48,27.14,76.82,8500.0,20,165,0.0,39.71
40.53,56.25,1.67,811.72,61.53,36.92,43.04,46.38,8500.0,14,138,4.0,65.7
37.45,64.67,5.67,634.14,56.18,34.13,37.59,40.15,8500.0,15,148,5.0,57.85
26.0,91.94,1.39,0.0,28.11,25.26,26.14,81.85,8500.0,4,120,0.0,41.35
26.89,88.65,3.32,32.63,30.29,25.88,26.89,72.76,3100.0,19,158,0.0,39.3
29.61,88.35,3.42,44.96,38.78,28.55,29.55,74.53,4200.0,5,151,0.0,47.66
26.4,80.33,1.77,7.79,28.48,24.54,26.51,35.91,3100.0,18,141,0.0,34.21
27.46,83.04,1.26,0.0,31.16,25.83,27.6,43.49,3100.0,4,178,0.0,36.47
27.42,84.4,1.51,50.35,31.23,26.05,27.79,62.91,4200.0,2,130,0.0,39.47
28.71,83.3,1.75,0.0,34.61,27.07,28.77,78.89,4900.0,0,120,0.0,43.53
27.59,82.97,1.51,71.67,31.48,26.12,28.04,36.37,4200.0,5,174,0.0,37.45
37.23,59.42,1.5,892.94,51.87,34.62,40.07,37.01,8500.0,14,173,4.0,60.16
31.14,87.08,2.17,35.83,44.07,29.93,31.31,77.89,3100.0,1,111,0.0,49.69
29.62,86.53,1.11,0.0,38.31,28.31,29.83,42.03,4900.0,2,93,0.0,42.48
35.36,64.63,1.38,476.28,48.57,32.57,37.15,48.24,4200.0,16,102,6.0,55.81
32.04,86.27,0.99,9.4,47.35,30.68,32.4,62.21,4900.0,23,134,0.0,49.54
41.42,53.79,2.1,901.35,62.85,37.36,43.85,39.82,9200.0,11,131,1.0,69.16
31.08,73.99,1.8,213.74,39.09,28.87,31.93,67.49,8500.0,17,138,0.0,46.73
37.53,52.74,2.41,867.02,48.77,33.46,39.7,48.92,8500.0,14,109,4.0,58.98
42.84,44.16,2.72,938.56,59.5,36.92,44.83,59.88,8500.0,11,166,1.0,69.7
38.0,62.31,3.08,673.39,56.59,34.69,39.4,42.02,9200.0,15,170,5.0,57.65
33.02,82.55,2.99,200.66,49.55,31.56,33.46,73.68,8500.0,7,143,0.0,53.4
39.67,51.5,2.56,909.31,54.75,35.26,41.81,77.67,8500.0,13,125,3.0,65.99
34.09,70.43,6.54,489.58,47.31,31.44,33.92,77.0,3100.0,16,90,0.0,53.01
27.56,87.32,1.12,0.0,31.99,26.35,27.74,62.24,4200.0,20,104,0.0,41.55
30.77,80.55,1.19,258.03,40.3,29.51,32.0,73.18,4900.0,7,166,0.0,49.9
42.13,53.04,0.96,842.99,64.89,38.61,45.32,74.17,4200.0,14,106,4.0,72.54
40.96,46.33,3.88,915.57,55.19,35.31,42.27,75.28,4900.0,13,113,3.0,66.2
35.17,73.71,1.49,286.41,53.2,32.98,36.39,46.54,4200.0,17,147,7.0,54.24
26.0,84.36,2.6,11.09,27.83,24.55,26.02,44.59,4200.0,19,161,0.0,33.71
30.92,84.92,1.98,0.0,42.4,29.41,30.94,77.69,3100.0,6,112,0.0,49.19
28.36,85.25,2.37,5.25,33.97,26.94,28.35,35.61,9200.0,2,135,0.0,38.58
39.43,55.98,3.81,940.36,57.21,35.43,40.95,47.43,3100.0,11,161,1.0,63.68
26.86,83.4,6.56,14.56,29.74,25.3,26.27,56.3,8500.0,20,97,0.0,32.64
26.0,86.78,1.63,31.04,27.92,24.84,26.26,75.31,4200.0,23,148,0.0,38.63
31.11,91.29,1.9,14.91,45.68,30.3,31.27,65.01,9200.0,2,179,0.0,50.41
28.52,84.84,3.37,0.0,34.36,27.04,28.28,52.16,8500.0,19,148,0.0,41.03
42.08,58.44,1.58,912.51,69.93,38.96,44.94,39.79,4900.0,13,102,3.0,70.52
44.44,55.72,2.98,763.98,77.53,39.88,45.92,64.89,3100.0,14,128,4.0,74.75
42.04,59.7,3.35,928.14,71.03,38.45,43.74,42.69,3100.0,13,117,3.0,69.41
26.95,87.25,2.1,13.31,30.32,25.77,27.06,71.53,4900.0,6,178,0.0,40.57
32.96,69.71,1.31,468.75,43.22,30.93,34.77,41.77,4900.0,16,150,0.0,50.23
39.8,53.84,1.14,891.64,56.91,36.53,42.91,47.27,4900.0,11,105,1.0,65.75
28.56,90.5,1.11,0.0,35.68,27.66,28.77,79.53,9200.0,19,91,0.0,44.41
31.71,82.81,1.54,26.44,44.49,30.02,31.98,38.84,4200.0,3,171,0.0,47.61
32.3,64.58,4.0,387.98,39.32,29.06,32.86,48.92,4900.0,8,106,0.0,44.94
26.66,84.82,2.07,0.0,29.37,25.22,26.68,73.09,3100.0,5,119,0.0,38.4
35.44,60.78,2.96,657.92,46.78,32.1,36.92,61.85,4900.0,15,102,5.0,55.44
26.0,81.53,4.4,14.94,27.72,24.27,25.79,37.23,4200.0,21,171,0.0,30.71
30.34,84.17,1.41,85.12,40.06,28.98,30.9,75.77,9200.0,21,102,0.0,47.92
26.0,87.5,2.26,1.35,27.94,24.84,26.02,63.15,3100.0,20,132,0.0,36.53
27.44,83.41,2.11,0.0,31.17,25.85,27.45,45.96,9200.0,20,174,0.0,37.65
27.0,86.82,2.49,0.0,30.41,25.76,26.96,37.92,9200.0,1,110,0.0,37.35
26.34,88.2,1.99,8.3,28.82,25.26,26.44,75.02,4900.0,23,144,0.0,39.62
31.32,72.9,0.68,249.51,39.41,29.4,32.72,67.26,9200.0,7,170,0.0,47.6
40.44,59.0,6.4,805.45,63.56,36.31,40.29,46.34,9200.0,10,129,0.0,63.58
43.18,40.01,2.38,949.37,57.14,36.62,45.4,77.23,9200.0,12,172,2.0,70.85
35.47,67.61,1.07,428.91,50.67,33.08,37.32,44.72,9200.0,16,104,6.0,55.03
28.86,75.92,2.51,218.85,33.54,26.87,29.55,80.08,8500.0,7,162,0.0,42.67
28.88,87.02,1.74,0.0,35.97,27.63,28.96,41.88,8500.0,20,141,0.0,40.16
28.35,74.71,3.36,273.7,32.09,26.29,29.0,64.28,9200.0,17,163,0.0,40.63
32.15,73.5,0.5,228.35,42.2,30.33,33.6,81.39,8500.0,17,142,0.0,51.96
37.44,46.91,4.44,926.66,45.38,32.18,38.66,76.64,8500.0,13,176,3.0,57.1
34.63,57.97,2.38,804.55,43.04,31.4,36.73,48.76,4200.0,14,141,0.0,53.53
27.52,82.07,1.28,21.43,31.2,25.85,27.79,67.49,8500.0,5,119,0.0,39.13
35.99,62.1,3.13,843.25,49.28,33.06,37.81,74.33,9200.0,10,122,0.0,59.73
41.2,45.0,2.35,1013.64,54.94,35.88,43.65,43.02,9200.0,12,146,2.0,64.65
29.77,91.0,1.74,0.0,40.17,28.91,29.86,67.36,8500.0,0,141,0.0,45.55
29.73,87.29,5.53,0.0,38.9,28.49,29.0,69.88,4200.0,5,98,0.0,44.22
31.62,71.04,3.55,451.91,39.66,29.29,32.54,82.05,9200.0,8,143,0.0,50.61
33.52,73.07,2.0,243.81,46.64,31.14,34.39,77.66,8500.0,7,90,0.0,53.52
37.8,50.37,0.5,790.36,48.21,35.04,41.21,73.87,9200.0,10,133,0.0,61.83
29.3,84.37,1.31,3.87,36.64,27.77,29.48,73.95,4200.0,21,164,0.0,43.43
28.84,89.08,3.12,40.7,36.32,27.87,28.85,56.09,8500.0,18,169,0.0,42.89
26.88,83.37,4.16,0.0,29.79,25.3,26.58,78.56,8500.0,23,98,0.0,38.16
37.74,72.54,1.11,533.85,63.44,36.13,39.96,76.46,8500.0,8,121,0.0,67.03
32.76,63.66,0.64,585.53,40.22,31.0,35.33,42.2,4900.0,16,104,0.0,50.35
42.03,52.31,2.87,961.4,63.85,37.53,44.06,65.6,3100.0,11,101,1.0,69.67
40.82,52.13,1.59,917.66,59.21,36.88,43.64,61.27,8500.0,13,167,3.0,67.64
38.24,55.41,0.77,852.58,52.68,35.74,41.57,75.12,3100.0,14,146,4.0,66.58
36.63,50.7,0.71,710.34,45.13,33.21,39.54,80.37,4900.0,15,97,5.0,60.45
27.38,85.56,1.22,0.0,31.28,26.0,27.54,77.62,8500.0,21,161,0.0,40.92
27.8,90.84,2.59,0.0,33.27,26.94,27.75,49.42,3100.0,21,116,0.0,38.64
26.0,90.6,3.47,0.0,28.06,25.13,25.86,50.88,9200.0,19,151,0.0,35.44
31.05,90.23,1.86,0.0,44.99,30.1,31.12,78.44,4200.0,0,101,0.0,52.42
39.62,52.36,1.28,627.48,55.2,35.3,41.89,37.68,4200.0,9,154,0.0,60.47
30.67,79.31,2.52,284.99,39.55,29.1,31.53,60.95,9200.0,7,131,0.0,47.31
32.98,70.65,1.4,232.27,43.69,30.42,34.03,50.84,8500.0,17,151,0.0,50.11
26.0,77.31,1.47,52.68,27.57,23.97,26.36,71.45,4200.0,0,100,0.0,36.17
28.38,82.58,1.47,0.0,33.54,26.68,28.49,36.17,4200.0,1,132,0.0,38.78
29.93,82.29,0.5,0.0,38.09,28.16,30.26,82.91,4900.0,0,106,0.0,46.34
27.51,82.64,2.02,23.68,31.24,25.88,27.66,44.94,4200.0,0,121,0.0,35.39
35.79,62.59,1.56,408.25,48.9,32.49,37.29,70.66,9200.0,8,174,0.0,56.06
43.92,46.52,1.31,935.61,65.41,39.03,47.0,65.14,3100.0,12,174,2.0,72.98
27.24,84.04,3.99,72.91,30.73,25.82,27.25,71.79,3100.0,0,129,0.0,38.6
44.29,52.47,4.4,965.11,73.11,39.28,45.26,74.86,3100.0,12,112,2.0,74.46
27.9,81.73,4.21,0.0,32.1,26.12,27.52,67.79,9200.0,19,145,0.0,38.05
26.3,85.76,3.35,4.87,28.57,24.97,26.18,80.52,4900.0,21,95,0.0,39.14
26.17,87.47,0.5,0.0,28.36,25.0,26.42,58.27,4200.0,6,175,0.0,37.47
26.0,82.28,1.34,5.23,27.75,24.34,26.16,79.62,4900.0,1,139,0.0,38.3
30.66,80.48,2.68,0.0,39.9,28.68,30.49,77.86,4200.0,5,126,0.0,45.59
28.56,82.02,2.25,0.0,33.94,26.8,28.52,38.77,4200.0,6,153,0.0,37.63
40.2,57.48,1.25,858.18,61.3,37.22,43.16,79.48,9200.0,13,143,3.0,70.26
30.68,75.78,0.58,280.55,38.48,29.31,32.25,72.14,9200.0,17,161,0.0,48.37
39.85,55.36,2.52,842.42,58.28,35.88,41.88,45.22,3100.0,14,138,4.0,63.6
26.0,87.38,2.45,0.0,27.94,24.82,25.98,38.8,3100.0,1,100,0.0,34.93
35.9,58.13,4.27,725.34,46.83,32.09,36.92,64.95,8500.0,9,177,0.0,55.87
27.73,88.58,2.73,5.08,32.69,26.66,27.68,63.45,8500.0,22,138,0.0,41.0
42.17,53.08,1.75,871.72,65.1,38.05,44.77,46.11,4200.0,11,110,1.0,69.33
35.36,67.36,4.31,524.12,50.13,32.46,35.98,75.38,4200.0,16,155,6.0,56.11
29.18,74.22,1.55,258.29,33.99,27.21,30.25,37.63,9200.0,7,152,0.0,39.85
41.3,54.13,3.32,773.77,62.66,36.7,42.65,34.04,3100.0,10,172,0.0,63.8
29.7,81.67,1.36,27.99,37.21,27.95,30.01,62.89,3100.0,2,117,0.0,42.34
29.26,92.82,0.8,11.57,38.78,28.63,29.64,37.92,9200.0,5,106,0.0,44.59
33.19,67.39,1.35,537.74,42.94,31.04,35.17,60.74,4900.0,8,95,0.0,52.61
26.77,82.53,1.9,0.0,29.45,25.11,26.81,45.46,3100.0,5,108,0.0,34.66
36.6,73.18,0.5,490.41,58.83,35.67,39.13,78.83,9200.0,8,145,0.0,63.85
32.87,89.25,3.16,36.48,52.52,31.86,32.75,45.95,4900.0,6,117,0.0,51.03
31.64,70.12,1.62,527.23,39.4,29.73,33.46,40.19,8500.0,8,155,0.0,48.68
30.53,76.16,3.44,323.17,38.15,28.62,31.22,42.28,4200.0,17,127,0.0,43.97
40.67,53.55,2.34,926.25,59.81,36.58,42.99,71.67,9200.0,11,126,1.0,69.46
34.15,78.85,1.87,186.82,52.15,32.3,34.91,60.78,4200.0,7,157,0.0,54.38
28.8,80.77,2.35,227.04,34.36,27.35,29.58,73.62,4900.0,7,175,0.0,43.23
33.35,78.41,1.04,235.67,48.69,31.76,34.6,39.56,3100.0,17,179,0.0,51.03
30.13,87.16,3.55,0.0,40.26,28.86,29.8,37.07,4900.0,19,138,0.0,43.75
35.57,57.83,3.39,862.65,45.68,32.09,37.3,81.77,4900.0,14,132,4.0,58.15
27.65,84.66,1.96,0.0,31.87,26.17,27.68,60.38,4900.0,6,125,0.0,39.75
38.46,55.6,1.38,817.03,53.56,35.14,41.18,36.93,8500.0,10,147,0.0,62.26
26.71,84.46,0.93,0.0,29.47,25.24,26.9,37.63,4900.0,19,102,0.0,36.02
38.07,60.94,1.9,758.25,55.89,35.07,40.32,36.79,9200.0,15,141,5.0,60.85
26.67,87.65,3.9,50.41,29.62,25.59,26.65,71.42,3100.0,3,147,0.0,39.99
26.95,88.41,2.33,41.15,30.44,25.94,27.15,77.16,4200.0,5,121,0.0,41.31
28.28,88.33,0.95,0.0,34.32,27.16,28.5,80.02,9200.0,21,170,0.0,43.19
31.74,82.07,5.0,0.0,44.3,29.91,30.97,77.76,9200.0,2,149,0.0,47.56
38.53,73.28,2.5,475.93,67.82,36.36,39.8,78.05,4200.0,8,172,0.0,66.44
38.64,62.19,0.92,717.8,58.99,36.37,41.5,39.51,8500.0,9,147,0.0,62.91
43.34,54.48,0.93,915.25,71.25,40.2,46.79,83.06,8500.0,13,145,3.0,76.41
39.08,56.37,2.31,827.72,56.27,35.36,41.22,46.22,8500.0,10,117,0.0,62.77
31.61,77.87,2.38,216.99,42.13,29.74,32.3,64.92,8500.0,17,90,0.0,48.88
26.0,83.68,4.01,0.0,27.8,24.46,25.77,74.51,3100.0,21,131,0.0,36.06
39.88,55.67,1.54,870.8,58.64,36.47,42.64,48.05,9200.0,11,171,1.0,67.28
26.57,82.18,1.54,0.0,28.98,24.88,26.66,37.25,9200.0,22,137,0.0,33.69
45.53,52.6,1.59,929.54,78.71,41.26,48.42,79.38,9200.0,11,129,1.0,77.39
41.06,45.2,0.5,938.24,54.64,37.79,44.98,47.08,9200.0,12,152,2.0,66.96
41.51,53.42,1.84,908.53,62.85,37.53,44.13,81.24,8500.0,12,165,2.0,70.73
26.7,86.84,3.1,13.06,29.64,25.48,26.65,59.53,9200.0,18,161,0.0,37.19
26.75,82.4,0.5,0.0,29.39,25.07,27.0,35.07,8500.0,18,177,0.0,35.1
26.0,90.84,4.77,0.0,28.07,25.16,25.69,39.43,3100.0,22,169,0.0,34.58
40.59,45.7,2.05,916.62,53.58,35.4,43.03,61.58,9200.0,13,93,3.0,64.57
27.6,84.92,0.5,49.81,31.77,26.36,28.19,37.63,4900.0,3,127,0.0,38.96
41.61,55.02,1.19,936.66,64.67,38.43,44.84,38.85,9200.0,12,116,2.0,70.25
32.01,78.44,1.17,269.86,43.73,30.52,33.3,47.99,8500.0,7,98,0.0,49.36
29.69,82.65,2.92,0.0,37.44,27.97,29.5,42.77,9200.0,22,105,0.0,39.57
29.3,82.7,3.46,34.24,36.24,27.65,29.18,61.89,3100.0,20,145,0.0,42.02
27.13,77.42,2.83,20.8,29.76,24.97,27.11,64.06,3100.0,22,165,0.0,36.04
28.75,81.47,4.23,21.08,34.34,26.95,28.43,61.43,3100.0,18,120,0.0,40.82
41.33,56.1,3.63,944.73,64.55,37.24,42.9,35.87,3100.0,11,177,1.0,65.65
30.15,75.65,0.62,308.01,36.9,28.85,31.79,71.07,3100.0,17,103,0.0,46.94
27.28,84.64,2.25,0.0,30.91,25.81,27.27,77.36,3100.0,5,114,0.0,39.65
30.06,75.11,1.25,154.77,36.5,27.94,30.89,45.27,9200.0,17,123,0.0,42.73
30.23,80.87,1.17,0.0,38.66,28.31,30.42,63.29,9200.0,18,156,0.0,42.98
30.94,82.37,1.88,9.49,41.5,29.17,31.03,80.91,4200.0,21,113,0.0,48.44
26.0,85.21,2.26,0.0,27.86,24.61,26.0,45.71,3100.0,4,162,0.0,34.12
31.46,88.78,4.0,0.0,46.08,30.35,30.99,76.51,9200.0,23,115,0.0,48.77
34.39,72.8,0.5,463.83,49.67,33.4,36.77,80.99,4200.0,8,109,0.0,59.97
28.41,90.98,1.21,0.0,35.29,27.56,28.6,56.75,4900.0,2,153,0.0,44.07
37.9,64.08,3.5,758.09,57.51,34.89,39.3,37.82,9200.0,9,99,0.0,60.0
28.01,85.98,2.22,0.0,33.08,26.66,27.99,80.12,3100.0,18,172,0.0,41.53
26.42,81.97,2.49,0.0,28.62,24.7,26.37,81.73,4200.0,2,156,0.0,37.15
33.01,88.93,0.86,0.0,53.0,31.9,33.37,59.6,9200.0,21,113,0.0,53.17
39.09,55.81,1.95,804.91,55.88,35.38,41.39,77.05,4900.0,14,94,4.0,65.82
27.77,85.07,1.1,25.23,32.25,26.4,28.1,39.8,8500.0,0,156,0.0,38.11
28.15,86.69,3.78,52.2,33.62,26.95,28.09,61.19,4900.0,6,147,0.0,40.0
37.73,47.06,3.65,980.2,46.21,32.68,39.44,45.75,3100.0,11,116,1.0,57.56
32.89,73.41,3.15,479.4,44.61,30.87,33.99,62.79,9200.0,16,169,0.0,52.09
28.63,87.22,2.7,0.0,35.21,27.4,28.53,70.86,3100.0,20,104,0.0,42.9
26.0,86.4,5.39,13.93,27.9,24.75,25.66,39.48,4200.0,23,124,0.0,32.9
26.0,83.37,2.77,36.82,27.79,24.5,26.11,37.78,4200.0,19,165,0.0,33.27
26.86,81.15,0.5,0.0,29.52,25.05,27.1,47.24,4900.0,4,142,0.0,36.43
29.21,86.96,2.38,28.99,37.01,27.99,29.31,69.75,8500.0,3,133,0.0,43.88
40.82,50.65,0.5,959.95,58.03,38.54,44.85,72.31,4900.0,11,115,1.0,70.98
28.81,87.6,1.16,108.8,35.86,27.91,29.52,47.99,9200.0,19,136,0.0,43.16
28.74,83.26,2.23,0.0,34.68,27.1,28.7,37.61,9200.0,23,123,0.0,38.49
29.22,77.65,2.5,193.76,34.82,27.35,29.83,70.02,9200.0,17,176,0.0,43.51
37.57,65.04,1.75,468.07,56.91,34.55,39.16,43.5,3100.0,16,139,6.0,58.7
26.13,94.17,1.44,48.48,28.56,25.73,26.52,36.05,9200.0,18,173,0.0,36.43
33.47,71.28,4.26,448.98,45.6,31.02,34.06,62.81,4200.0,8,101,0.0,52.69
26.0,83.69,6.61,9.28,27.8,24.47,25.47,44.6,8500.0,3,176,0.0,30.89
29.02,93.69,1.28,97.43,38.08,28.69,29.67,78.27,9200.0,20,93,0.0,49.91
27.27,86.85,1.6,68.9,31.13,26.18,27.7,40.39,3100.0,1,176,0.0,38.19
27.71,83.7,3.84,0.0,31.9,26.14,27.42,76.51,9200.0,3,137,0.0,40.51
26.83,80.38,2.2,0.0,29.4,24.95,26.81,64.1,3100.0,1,144,0.0,38.03
38.63,57.98,2.13,892.71,55.81,35.37,41.05,41.39,8500.0,14,90,4.0,63.47
30.02,88.61,1.01,0.0,40.34,28.91,30.27,71.59,9200.0,1,178,0.0,47.18
27.66,88.01,1.84,0.0,32.4,26.52,27.73,50.75,9200.0,3,155,0.0,38.22
28.12,89.3,0.56,0.0,33.99,27.1,28.41,73.29,3100.0,5,119,0.0,43.3
31.02,89.62,5.16,0.0,44.6,30.0,30.28,65.6,4900.0,6,92,0.0,46.87
37.62,58.08,4.49,675.78,52.33,33.57,38.33,72.48,9200.0,9,110,0.0,59.57
27.83,81.72,0.86,35.33,31.92,26.17,28.25,39.02,4900.0,18,178,0.0,37.29
26.39,88.03,0.84,0.0,28.92,25.27,26.59,44.48,4900.0,18,173,0.0,36.58
31.18,84.01,1.99,48.42,42.99,29.67,31.43,71.8,3100.0,21,138,0.0,48.65
42.75,43.55,1.33,894.08,58.71,37.35,45.67,71.96,4900.0,11,175,1.0,70.54
30.17,85.63,3.66,37.71,39.94,28.81,30.0,77.13,3100.0,2,174,0.0,46.24
42.52,56.49,1.97,930.24,69.87,38.9,45.13,48.78,4200.0,12,151,2.0,72.18
32.71,75.88,1.97,258.54,45.11,30.72,33.65,44.94,8500.0,17,127,0.0,49.46
31.47,82.26,1.34,278.45,43.36,30.38,32.73,79.26,4200.0,7,104,0.0,53.14
30.44,90.9,1.76,0.0,42.74,29.56,30.53,59.96,9200.0,20,141,0.0,47.71
39.3,53.32,3.42,734.49,54.82,34.68,40.57,74.93,4200.0,14,168,4.0,61.56
30.14,80.54,2.52,0.0,38.25,28.18,30.02,74.04,8500.0,0,135,0.0,46.15
27.24,81.02,2.78,0.0,30.38,25.41,27.13,76.64,3100.0,2,114,0.0,38.75
30.72,84.52,2.02,258.54,41.5,29.71,31.68,60.88,4900.0,7,110,0.0,49.62
26.43,81.1,2.6,0.0,28.58,24.62,26.36,43.58,8500.0,3,177,0.0,33.36
38.46,65.62,1.33,639.62,60.97,36.07,40.8,75.36,8500.0,15,94,5.0,67.1
30.07,85.82,1.17,0.0,39.65,28.67,30.28,67.22,3100.0,22,159,0.0,45.85
38.05,62.59,1.28,619.88,57.0,35.27,40.34,63.41,3100.0,9,136,0.0,63.45
40.46,45.3,8.5,876.13,52.91,34.2,39.3,38.23,8500.0,11,176,1.0,55.78
41.0,54.07,5.13,906.38,61.48,36.35,41.64,74.43,4900.0,13,157,3.0,68.03
40.2,55.98,1.51,945.75,60.07,37.01,43.17,65.88,8500.0,13,107,3.0,68.64
29.73,87.05,1.24,3.04,38.83,28.47,29.95,59.6,3100.0,1,110,0.0,45.62
26.05,91.26,3.24,32.08,28.23,25.3,26.1,63.75,8500.0,22,175,0.0,38.5
28.44,89.39,1.63,54.5,35.06,27.56,28.82,39.19,9200.0,4,112,0.0,41.98
27.72,85.27,3.83,0.0,32.16,26.31,27.43,50.51,8500.0,4,153,0.0,36.86
29.55,80.89,2.96,59.41,36.55,27.75,29.62,82.61,9200.0,5,156,0.0,43.67
45.48,50.82,2.39,936.55,76.34,40.53,47.73,45.99,8500.0,12,129,2.0,71.62
38.12,63.93,2.05,457.01,58.27,34.82,39.52,62.45,3100.0,8,99,0.0,59.76
29.31,84.43,3.77,5.91,36.71,27.79,29.0,58.34,3100.0,21,178,0.0,42.34
41.88,48.6,1.69,819.85,60.03,36.99,44.35,80.31,4900.0,14,141,4.0,70.37
39.77,47.92,3.61,852.91,52.58,34.44,41.15,40.66,8500.0,13,161,3.0,58.8
29.19,82.78,1.12,66.95,35.92,27.68,29.72,80.07,8500.0,23,164,0.0,46.04
32.17,84.03,2.55,0.0,46.8,30.54,32.03,40.23,9200.0,6,150,0.0,46.98
30.07,85.33,1.25,0.0,39.49,28.62,30.25,39.28,8500.0,19,153,0.0,42.12
26.18,87.72,2.21,29.82,28.39,25.09,26.36,61.49,3100.0,1,94,0.0,36.75
26.64,84.49,7.12,17.15,29.3,25.19,26.0,60.72,8500.0,6,142,0.0,33.73
28.9,84.66,3.1,0.0,35.49,27.4,28.71,56.27,4200.0,5,144,0.0,40.33
33.04,70.06,0.5,531.77,43.64,32.08,35.59,69.23,4200.0,16,126,0.0,54.62
28.15,84.13,0.88,48.86,33.18,26.77,28.65,58.28,4200.0,1,145,0.0,41.78
29.11,86.66,0.7,48.29,36.61,27.98,29.68,68.76,4900.0,2,148,0.0,45.68
29.79,92.1,1.61,0.0,40.6,29.04,29.92,40.32,4200.0,4,158,0.0,44.12
28.31,84.09,0.5,0.0,33.63,26.77,28.61,74.15,9200.0,4,162,0.0,42.34
26.0,80.36,2.21,0.0,27.68,24.14,25.99,42.11,4900.0,0,148,0.0,31.77
29.43,78.38,1.74,225.23,35.56,27.78,30.35,33.17,4200.0,7,91,0.0,42.69
41.66,48.09,3.46,928.24,58.85,36.32,43.22,61.45,9200.0,11,154,1.0,66.4
27.72,85.3,1.58,6.58,32.15,26.32,27.86,76.66,4900.0,23,149,0.0,41.72
28.51,84.51,1.17,27.82,34.27,27.08,28.85,77.27,4900.0,3,140,0.0,42.25
43.2,46.77,3.15,925.31,63.06,37.54,44.9,68.36,8500.0,12,119,2.0,70.35
28.09,83.17,4.32,34.21,32.85,26.51,27.86,65.76,4900.0,22,100,0.0,38.22
38.96,48.1,2.19,912.46,50.28,34.26,41.33,77.94,8500.0,14,165,4.0,62.57
34.61,50.26,1.98,826.45,39.86,30.56,36.94,69.28,9200.0,10,128,0.0,53.95
35.89,68.73,3.36,670.61,52.92,33.47,37.25,64.31,8500.0,9,179,0.0,58.05
28.92,86.81,3.65,0.0,36.03,27.64,28.62,67.07,4200.0,2,166,0.0,42.15
26.24,80.17,6.19,0.0,28.15,24.35,25.68,41.86,9200.0,21,161,0.0,30.24
42.01,51.18,0.5,918.79,62.75,39.53,45.95,62.01,4900.0,13,152,3.0,72.08
40.2,64.3,1.44,675.23,67.34,37.55,42.57,71.21,9200.0,15,153,5.0,68.85
36.49,67.81,1.27,666.99,54.63,34.6,38.93,68.74,9200.0,9,150,0.0,62.97
38.8,55.46,0.5,599.55,54.62,35.88,41.67,59.42,8500.0,9,143,0.0,62.06
43.41,53.23,4.05,956.52,70.26,38.65,44.64,38.41,4200.0,11,162,1.0,70.38
35.64,65.3,0.92,533.58,49.93,33.37,37.9,40.74,8500.0,8,147,0.0,54.73
30.28,84.13,1.33,0.0,39.81,28.69,30.44,34.59,9200.0,0,174,0.0,42.17
31.07,87.1,3.07,27.03,43.8,29.83,30.97,53.29,4900.0,4,145,0.0,46.41
26.08,88.4,1.66,0.0,28.17,25.0,26.17,73.7,4900.0,19,123,0.0,38.47
34.08,71.21,0.79,193.69,47.67,31.59,35.28,74.98,9200.0,7,120,0.0,54.53
45.83,53.45,2.3,899.99,81.14,41.24,48.07,72.86,8500.0,10,141,0.0,75.91
40.53,59.18,4.18,870.66,64.1,36.74,41.68,79.31,4900.0,11,178,1.0,68.68
27.7,85.04,1.33,40.36,32.08,26.37,28.07,59.54,3100.0,0,165,0.0,41.19
26.96,82.76,3.49,86.82,29.91,25.45,27.11,77.37,4200.0,21,90,0.0,38.79
30.05,85.78,2.99,1.37,39.56,28.65,29.86,73.58,9200.0,19,144,0.0,46.64
38.75,57.5,2.99,807.88,55.89,34.98,40.46,46.39,8500.0,10,111,0.0,62.12
29.38,84.22,1.95,46.6,36.87,27.92,29.64,77.52,4200.0,4,129,0.0,44.76
39.11,53.29,2.72,875.66,54.16,34.91,41.1,73.28,3100.0,14,90,4.0,64.78
28.77,83.27,2.04,68.59,34.79,27.28,29.1,74.24,3100.0,4,154,0.0,44.29
40.65,47.18,5.68,926.28,54.81,34.93,41.01,38.38,3100.0,11,152,1.0,61.04
26.0,79.76,1.09,13.9,27.66,24.12,26.24,60.52,9200.0,4,143,0.0,35.75
31.73,68.88,1.21,472.73,39.25,29.73,33.6,41.59,4200.0,16,131,0.0,46.74
34.16,72.12,2.21,474.3,48.44,32.08,35.59,58.18,8500.0,16,110,0.0,54.93
27.54,88.98,3.15,34.92,32.16,26.55,27.55,58.68,8500.0,23,168,0.0,40.01
41.97,57.31,1.51,876.8,68.34,38.66,44.79,72.61,4900.0,11,170,1.0,71.58
26.99,85.43,3.82,48.29,30.23,25.67,26.95,45.24,8500.0,23,111,0.0,36.06
41.09,55.16,2.42,854.88,62.78,37.05,43.2,40.21,8500.0,14,127,4.0,66.42
38.72,55.11,3.03,764.87,54.08,34.53,40.29,34.94,3100.0,14,169,4.0,58.52
26.48,94.0,1.05,29.38,29.59,26.03,26.86,61.25,8500.0,5,97,0.0,40.36
46.0,45.4,0.99,921.49,72.09,41.0,49.39,37.54,4200.0,11,151,1.0,72.96
27.45,85.7,0.89,2.85,31.48,26.09,27.69,40.31,9200.0,19,136,0.0,39.37
31.64,69.87,3.87,199.8,39.32,28.77,31.79,70.06,4900.0,17,106,0.0,44.79
43.56,53.25,3.17,899.42,70.9,38.88,45.23,71.16,8500.0,13,106,3.0,73.65
26.0,88.16,1.59,41.9,27.97,25.0,26.32,43.24,4200.0,1,179,0.0,35.62
37.99,67.64,2.15,387.9,60.57,35.01,39.16,46.9,8500.0,8,102,0.0,59.53
29.56,86.55,2.09,16.09,38.09,28.28,29.66,78.54,4900.0,4,106,0.0,46.26
29.01,87.13,3.03,40.03,36.4,27.83,29.02,69.87,4200.0,19,127,0.0,43.89
29.08,85.45,6.75,0.0,36.22,27.66,28.15,60.44,4200.0,0,170,0.0,38.92
30.04,92.89,4.45,0.0,41.83,29.37,29.54,46.18,9200.0,22,167,0.0,44.16
29.31,83.94,2.39,0.0,36.58,27.73,29.24,58.87,9200.0,2,134,0.0,42.93
26.0,88.27,0.5,49.84,27.97,25.12,26.56,63.5,3100.0,5,95,0.0,39.73
27.24,83.42,1.77,45.93,30.65,25.75,27.53,83.05,4900.0,4,124,0.0,40.93
26.83,88.12,1.2,0.0,30.09,25.72,26.99,77.18,9200.0,20,103,0.0,41.11
26.0,84.7,2.72,0.0,27.84,24.56,25.94,70.88,3100.0,4,161,0.0,36.54
28.6,86.7,1.75,0.0,35.0,27.31,28.67,61.53,4200.0,0,150,0.0,43.28
35.43,67.32,1.79,519.95,50.34,32.92,37.15,62.77,4200.0,16,104,6.0,57.5
26.0,87.95,4.82,0.0,27.96,24.88,25.67,80.82,8500.0,18,143,0.0,37.73
40.17,60.03,1.75,929.57,63.35,37.35,42.94,46.53,9200.0,13,116,3.0,68.37
38.94,52.31,3.45,939.06,52.93,34.53,40.66,47.33,3100.0,11,102,1.0,61.24
38.34,64.24,3.33,647.17,59.39,35.18,39.56,65.18,4200.0,9,120,0.0,64.34
27.98,82.85,4.86,0.0,32.49,26.31,27.49,65.16,3100.0,19,124,0.0,39.04
30.43,89.62,2.51,30.18,42.24,29.47,30.5,57.48,4900.0,20,149,0.0,46.0
30.42,73.55,2.13,244.06,37.05,28.21,31.26,80.3,4200.0,17,95,0.0,45.45
26.0,80.77,5.22,114.82,27.69,24.33,26.01,43.35,4900.0,23,158,0.0,32.01
40.36,58.05,4.48,793.63,62.44,36.27,41.18,61.9,9200.0,10,175,0.0,65.42
30.13,86.35,1.69,64.03,40.01,28.93,30.53,41.81,9200.0,1,147,0.0,44.86
34.29,72.02,1.54,186.75,48.87,31.69,35.15,36.47,3100.0,17,138,0.0,49.95
26.93,74.88,0.8,35.12,29.15,24.61,27.33,41.3,8500.0,6,112,0.0,33.95
28.07,88.14,1.55,0.0,33.65,26.94,28.19,74.35,8500.0,23,178,0.0,42.87
37.41,50.04,1.03,749.82,46.94,33.51,40.17,75.34,4200.0,14,123,4.0,60.66
36.88,48.14,1.27,876.56,44.53,32.88,39.78,78.26,9200.0,10,115,0.0,60.76
28.95,74.84,4.17,242.6,33.54,26.79,29.3,78.34,3100.0,17,136,0.0,41.99
27.08,85.49,1.42,63.69,30.47,25.86,27.52,58.03,4200.0,22,94,0.0,39.23
40.46,47.99,0.5,894.08,54.8,37.52,44.26,82.22,9200.0,11,179,1.0,70.39
28.51,82.01,0.94,0.0,33.8,26.75,28.72,43.3,8500.0,5,109,0.0,38.82
27.16,91.11,1.57,27.83,31.33,26.4,27.44,75.7,4900.0,19,95,0.0,41.98
29.34,86.79,5.56,6.49,37.4,28.06,28.67,59.79,8500.0,22,159,0.0,41.8
44.83,51.79,0.5,1028.33,74.66,42.64,49.2,64.69,4900.0,12,148,2.0,76.23
26.0,90.82,4.93,33.22,28.07,25.2,25.82,79.33,8500.0,19,153,0.0,38.34
37.38,58.6,1.7,726.7,51.85,34.14,39.66,58.65,9200.0,15,107,5.0,60.18
28.81,74.28,5.01,235.82,33.09,26.55,28.96,38.34,9200.0,17,93,0.0,37.17
38.03,64.04,2.31,725.86,58.01,35.23,39.99,41.67,4900.0,9,106,0.0,60.98
29.0,80.66,2.41,0.0,34.9,27.09,28.93,61.75,9200.0,22,103,0.0,40.93
32.07,71.65,1.92,245.56,41.23,29.61,32.97,75.5,8500.0,7,167,0.0,48.69
33.29,74.92,0.74,303.11,46.73,31.67,34.91,37.6,8500.0,17,102,0.0,50.76
26.89,86.75,0.84,0.0,30.12,25.64,27.11,34.9,3100.0,20,96,0.0,34.73
26.5,73.95,2.47,34.81,28.29,24.05,26.61,38.59,4200.0,0,133,0.0,31.12
31.69,86.28,2.86,0.0,45.91,30.31,31.48,78.18,3100.0,22,104,0.0,49.17
32.01,76.31,3.93,301.12,42.88,30.0,32.44,69.39,4900.0,7,108,0.0,49.66
26.08,89.13,0.67,44.85,28.2,25.23,26.58,75.83,4200.0,5,152,0.0,39.6
27.37,80.78,2.11,0.0,30.67,25.51,27.37,56.71,3100.0,4,124,0.0,38.69
40.84,53.99,1.26,779.03,60.81,37.07,43.57,46.09,4200.0,14,170,4.0,67.45
26.0,90.31,1.94,5.67,28.05,25.12,26.1,58.82,4200.0,21,124,0.0,38.63
40.28,56.59,2.48,854.63,60.86,36.49,42.37,80.79,4200.0,14,108,4.0,69.41
29.45,83.49,0.71,0.0,36.91,27.82,29.73,77.38,4200.0,1,109,0.0,46.94
26.0,94.23,5.58,0.0,28.2,25.48,25.59,48.14,8500.0,0,124,0.0,34.79
27.81,85.56,3.77,37.17,32.44,26.48,27.7,63.93,4900.0,22,121,0.0,39.52
26.0,84.54,0.64,0.0,27.83,24.55,26.21,78.59,8500.0,22,137,0.0,37.58
40.11,52.73,1.37,787.95,57.18,36.16,42.76,38.75,3100.0,10,133,0.0,63.6
38.34,66.25,1.54,694.26,60.96,36.05,40.69,74.12,4200.0,9,113,0.0,66.49
30.73,73.86,1.04,224.45,38.02,28.7,31.88,37.91,8500.0,17,150,0.0,43.78
30.93,73.85,2.77,261.34,38.6,28.7,31.62,44.06,4200.0,17,106,0.0,45.51
34.4,71.47,0.51,445.25,48.96,33.15,36.69,83.01,9200.0,16,160,0.0,59.94
34.86,72.57,2.39,241.2,51.3,32.32,35.55,43.37,8500.0,7,139,0.0,52.88
39.98,52.91,3.2,814.36,56.84,35.41,41.53,71.03,3100.0,14,154,4.0,66.11
31.34,73.33,1.45,231.22,39.64,29.14,32.37,38.44,4200.0,7,121,0.0,45.3
32.75,62.86,6.45,449.91,39.9,29.23,32.63,73.82,9200.0,16,125,0.0,47.54
40.0,52.84,1.75,948.95,56.86,36.2,42.78,70.2,3100.0,11,102,1.0,68.72
34.32,76.24,2.84,300.39,51.32,32.29,35.04,62.57,4200.0,7,159,0.0,53.76
43.53,51.97,2.26,989.3,69.41,39.1,46.02,36.47,3100.0,13,147,3.0,69.75
29.28,88.45,4.66,2.47,37.64,28.16,28.78,73.55,3100.0,3,103,0.0,43.01
30.72,90.03,3.16,42.93,43.54,29.82,30.68,39.09,3100.0,0,126,0.0,47.05
29.59,88.16,1.46,19.31,38.66,28.49,29.86,77.66,3100.0,0,168,0.0,46.24
28.79,89.88,7.68,0.0,36.32,27.82,27.73,56.43,9200.0,18,157,0.0,39.53
39.61,65.58,2.89,660.78,65.86,36.65,41.06,72.73,4200.0,15,129,5.0,68.1
40.92,51.39,1.64,871.58,58.96,36.71,43.58,68.98,9200.0,13,148,3.0,68.5
26.0,87.36,2.9,16.92,27.94,24.85,26.02,78.13,3100.0,20,169,0.0,38.22
36.5,54.86,2.76,673.06,46.88,32.36,38.05,44.7,4900.0,15,105,5.0,55.53
26.0,85.94,1.0,0.0,27.89,24.68,26.17,43.81,4900.0,4,151,0.0,34.8
36.67,69.85,1.34,512.96,56.75,34.58,38.65,61.16,3100.0,8,93,0.0,61.49
27.54,82.18,0.93,54.64,31.27,25.99,28.04,75.62,4900.0,1,134,0.0,40.71
30.24,74.43,6.08,243.78,36.82,27.93,30.04,39.65,4200.0,17,179,0.0,40.56
30.23,86.31,0.8,0.0,40.35,28.87,30.51,38.83,4200.0,5,117,0.0,43.75
36.89,74.15,4.61,532.7,60.84,34.73,37.36,76.54,4200.0,8,155,0.0,61.96
27.74,89.41,2.13,0.0,32.83,26.74,27.75,63.71,3100.0,0,120,0.0,42.1
34.47,68.86,1.08,447.94,47.83,32.34,36.37,77.98,8500.0,8,92,0.0,57.5
34.95,52.7,3.11,710.94,41.65,30.65,36.47,77.78,4900.0,15,97,0.0,54.98
42.02,46.09,2.36,977.15,58.42,36.72,44.38,63.66,3100.0,12,113,2.0,69.5
35.53,68.36,0.5,414.45,51.33,33.74,37.74,42.98,4900.0,8,104,0.0,55.33
30.26,87.1,5.18,0.0,40.73,28.99,29.56,49.77,8500.0,20,132,0.0,42.17
42.07,51.92,3.78,895.37,63.64,37.18,43.38,77.3,3100.0,12,120,2.0,68.76
34.44,71.09,3.52,435.45,48.91,31.97,35.23,70.78,8500.0,8,162,0.0,53.54
38.01,53.84,2.59,793.41,50.92,33.86,39.9,79.98,4900.0,10,134,0.0,63.19
30.36,89.15,4.08,33.33,41.8,29.35,30.07,60.99,3100.0,3,155,0.0,45.97
27.24,84.12,2.27,15.68,30.75,25.75,27.32,64.64,4900.0,1,97,0.0,39.04
29.2,78.92,0.94,0.0,35.06,27.1,29.41,46.73,9200.0,5,160,0.0,39.79
42.04,46.76,2.2,926.24,59.05,36.82,44.4,78.38,9200.0,13,146,3.0,70.39
27.46,90.67,4.93,0.0,32.17,26.59,27.02,40.21,4900.0,3,169,0.0,37.55
28.5,83.15,4.0,21.21,33.98,26.89,28.25,42.78,3100.0,5,119,0.0,37.18
26.0,82.77,1.3,0.0,27.77,24.37,26.12,78.56,3100.0,18,163,0.0,36.2
30.45,82.89,2.49,32.93,40.0,28.79,30.51,78.36,9200.0,5,107,0.0,46.53
29.03,87.33,4.58,0.0,36.51,27.8,28.54,69.39,8500.0,1,158,0.0,43.57
31.44,71.4,3.72,278.2,39.27,28.88,31.87,63.2,4200.0,17,128,0.0,44.43
40.8,47.68,2.34,980.83,55.67,35.91,43.21,40.27,4900.0,12,149,2.0,65.39
35.56,68.9,1.49,488.63,51.78,33.28,37.36,46.51,3100.0,8,132,0.0,56.62
27.82,84.21,2.79,0.0,32.27,26.3,27.71,43.82,4200.0,22,134,0.0,37.18
28.61,91.32,1.95,27.17,36.02,27.85,28.81,37.92,4900.0,18,112,0.0,41.82
40.76,44.96,0.63,948.23,53.56,37.1,44.53,63.94,9200.0,12,158,2.0,68.31
41.71,56.38,1.04,823.03,66.37,38.57,44.78,34.07,8500.0,10,95,0.0,69.02
26.17,85.6,0.5,0.0,28.25,24.81,26.4,75.64,8500.0,0,145,0.0,38.76
26.86,85.75,2.52,0.0,29.95,25.51,26.82,37.44,9200.0,23,93,0.0,35.09
30.94,80.83,0.93,0.0,40.97,28.99,31.19,58.2,8500.0,21,112,0.0,45.61
26.0,83.61,2.61,0.0,27.8,24.46,25.95,36.7,3100.0,6,95,0.0,32.49
27.97,84.28,0.99,77.88,32.7,26.69,28.57,39.74,8500.0,20,121,0.0,39.73
39.03,54.84,4.33,790.54,54.99,34.61,39.98,63.06,4900.0,14,107,4.0,60.71
26.0,83.6,1.37,23.86,27.8,24.52,26.26,41.82,4900.0,0,104,0.0,34.92
42.34,51.97,2.5,880.7,64.71,37.72,44.42,76.78,4900.0,11,129,1.0,70.75
28.54,83.79,0.77,48.15,34.22,27.12,29.07,71.94,8500.0,6,162,0.0,43.67
37.93,56.03,1.48,814.02,52.07,34.63,40.57,40.95,4900.0,14,163,4.0,61.84
27.29,81.73,3.2,0.0,30.58,25.53,27.11,77.94,3100.0,20,173,0.0,39.52
27.59,80.69,1.49,9.45,31.19,25.74,27.76,78.29,4900.0,18,95,0.0,39.69
26.11,84.46,1.45,0.0,28.08,24.65,26.22,80.01,9200.0,0,152,0.0,37.37
31.89,76.91,0.5,487.58,42.7,31.56,34.29,60.47,3100.0,16,156,0.0,54.94
36.77,67.41,1.57,442.3,55.45,34.1,38.4,65.21,9200.0,16,100,6.0,60.46
28.52,81.77,2.1,24.45,33.78,26.79,28.65,72.7,4200.0,2,132,0.0,42.17
40.94,57.03,4.63,876.4,63.81,36.75,41.81,71.43,4900.0,11,106,1.0,67.43
29.52,85.28,2.89,0.0,37.62,28.08,29.36,78.85,3100.0,5,93,0.0,45.89
37.12,50.65,3.7,759.16,46.43,32.3,38.37,36.21,4900.0,10,152,0.0,53.08
26.64,79.79,0.77,64.48,28.94,24.92,27.19,39.0,3100.0,2,157,0.0,35.25
33.26,74.42,3.41,228.76,46.38,30.91,33.6,81.49,4900.0,7,170,0.0,51.41
43.16,55.08,2.19,950.57,71.13,39.21,45.64,40.34,3100.0,13,130,3.0,71.29
39.26,51.73,2.71,875.85,53.56,34.81,41.24,83.5,9200.0,13,172,3.0,64.93
37.97,56.82,1.41,683.53,52.69,34.49,40.31,74.52,9200.0,9,94,0.0,62.88
28.64,84.05,4.1,0.0,34.56,27.08,28.26,63.1,8500.0,1,121,0.0,39.75
38.59,53.2,3.37,981.53,52.38,34.43,40.46,39.14,4900.0,13,175,3.0,61.51
35.59,75.95,3.02,503.66,56.43,33.82,36.74,39.5,4900.0,8,159,0.0,56.4
28.2,89.78,5.03,0.0,34.34,27.23,27.69,43.38,4200.0,2,124,0.0,38.98
26.51,84.31,1.56,25.8,28.98,25.09,26.75,48.67,4200.0,20,111,0.0,36.57
34.07,78.0,1.26,307.25,51.32,32.54,35.46,74.77,3100.0,7,154,0.0,56.44
38.69,66.11,2.05,708.11,62.32,36.17,40.75,39.67,9200.0,15,173,5.0,64.53
30.95,83.89,0.9,0.22,42.1,29.33,31.22,45.05,9200.0,1,111,0.0,44.33
27.35,87.93,3.17,0.0,31.49,26.21,27.2,71.12,9200.0,5,100,0.0,41.11
28.65,94.39,3.19,0.0,36.87,28.14,28.47,79.36,4900.0,20,166,0.0,45.99
40.66,44.12,0.98,925.95,52.68,36.08,43.96,30.62,3100.0,11,92,1.0,63.1
26.05,91.19,3.33,0.0,28.21,25.24,25.93,35.6,8500.0,4,98,0.0,33.65
28.61,77.91,4.01,28.61,33.27,26.46,28.36,33.14,9200.0,1,149,0.0,36.87
39.85,52.61,1.19,692.35,56.16,35.79,42.37,62.35,4900.0,15,165,5.0,64.53
27.27,90.36,3.74,0.0,31.56,26.37,27.04,63.79,3100.0,4,176,0.0,39.75
41.14,47.64,3.53,740.94,56.74,35.46,42.26,47.53,3100.0,14,103,4.0,62.04
43.84,56.65,4.85,855.09,75.85,39.31,44.36,73.94,4200.0,11,107,1.0,73.14
26.0,80.15,6.21,0.0,27.67,24.12,25.46,38.08,9200.0,3,162,0.0,30.11
40.02,54.71,4.05,794.14,58.37,35.53,41.06,38.35,8500.0,14,112,4.0,61.67
35.35,56.4,7.52,850.39,44.35,31.23,35.34,62.84,3100.0,10,163,0.0,53.02
40.63,59.85,2.96,693.18,65.13,36.86,42.07,62.78,8500.0,15,172,5.0,66.05
29.71,91.77,3.08,64.97,40.18,29.04,29.81,71.07,4900.0,22,136,0.0,46.93
27.01,83.67,2.02,51.61,30.13,25.56,27.29,41.98,8500.0,5,158,0.0,36.85
37.97,48.03,0.5,912.96,47.4,35.38,41.76,46.3,4900.0,13,136,3.0,62.05
30.58,74.58,3.93,213.56,37.8,28.29,30.82,81.04,9200.0,17,176,0.0,45.29
38.46,51.07,1.33,886.18,50.6,34.69,41.36,38.08,4200.0,11,119,1.0,59.88
38.79,55.2,3.35,786.99,54.4,34.58,40.25,66.39,4900.0,10,114,0.0,62.97
39.23,47.57,1.41,971.93,50.74,35.02,42.29,47.48,4200.0,12,117,2.0,64.11
30.52,88.38,0.7,0.0,42.17,29.38,30.85,42.08,9200.0,20,114,0.0,45.33
27.79,80.84,4.05,47.24,31.7,26.0,27.66,35.22,9200.0,22,163,0.0,35.96
37.32,51.58,1.07,884.57,47.53,34.01,40.43,48.36,3100.0,10,167,0.0,59.3
29.51,88.26,1.47,0.0,38.39,28.37,29.65,38.84,4200.0,22,147,0.0,43.31
38.44,66.46,1.04,673.03,61.53,36.48,41.09,78.53,4200.0,15,130,5.0,67.42
38.21,53.14,2.76,775.36,51.13,33.87,39.96,48.58,3100.0,14,114,4.0,59.85
28.33,83.22,1.67,3.48,33.51,26.7,28.43,75.38,4900.0,20,167,0.0,43.69
39.45,47.64,0.99,852.51,51.43,35.33,42.54,75.09,8500.0,14,137,4.0,65.54
26.92,73.92,3.21,0.0,29.04,24.38,26.73,78.24,4900.0,3,99,0.0,35.46
41.95,55.72,1.28,883.39,66.72,38.61,44.97,79.97,4900.0,10,164,0.0,74.91
28.66,95.35,2.04,36.96,37.16,28.33,28.91,79.64,4200.0,18,100,0.0,48.12
40.49,52.58,2.57,800.8,58.39,35.96,42.37,70.0,4200.0,14,174,4.0,65.64
27.09,91.25,1.94,0.0,31.12,26.27,27.14,81.73,4200.0,3,110,0.0,42.23
27.81,89.55,4.81,0.0,33.07,26.82,27.37,63.09,4900.0,20,175,0.0,40.76
42.38,47.06,3.99,939.91,60.44,36.7,43.61,40.2,4900.0,12,134,2.0,65.73
26.0,75.46,2.38,0.0,27.5,23.65,25.96,35.85,4900.0,21,96,0.0,30.68
26.02,91.98,4.02,0.0,28.16,25.28,25.81,78.51,4900.0,18,170,0.0,39.31
29.77,81.02,2.47,19.47,37.25,27.91,29.78,79.54,9200.0,1,153,0.0,44.2
36.25,42.09,2.68,910.21,40.43,30.74,38.34,48.29,4900.0,13,153,3.0,52.78
28.55,91.11,1.42,0.0,35.79,27.71,28.7,76.46,9200.0,3,91,0.0,44.98
35.64,64.67,3.02,708.69,49.55,32.85,37.23,42.84,8500.0,15,165,5.0,55.64
27.68,91.13,2.84,74.37,32.94,26.99,27.91,74.66,8500.0,20,131,0.0,43.88
26.21,83.86,4.22,0.0,28.27,24.69,25.94,73.83,4900.0,19,171,0.0,35.85
41.68,45.76,1.99,900.24,57.03,36.37,44.12,80.38,8500.0,13,143,3.0,68.61
41.22,56.17,0.85,804.24,64.17,38.28,44.41,77.68,3100.0,14,164,4.0,72.09
29.41,76.71,1.97,9.5,35.12,27.09,29.46,64.4,4200.0,2,105,0.0,41.42
32.08,75.96,2.62,223.46,42.95,29.98,32.7,80.3,9200.0,7,107,0.0,51.63
36.51,62.85,0.69,659.19,51.52,34.59,39.35,47.2,9200.0,15,148,5.0,59.96
37.34,54.65,5.2,635.55,49.32,32.72,37.64,43.36,8500.0,9,179,0.0,54.17
26.56,86.87,0.69,17.05,29.27,25.38,26.91,73.97,9200.0,3,105,0.0,40.47
30.48,77.16,1.53,298.27,38.3,28.88,31.7,81.04,3100.0,17,95,0.0,49.66
27.77,81.09,1.45,49.05,31.7,26.06,28.14,81.16,9200.0,1,146,0.0,41.17
31.53,68.72,2.45,511.73,38.63,29.21,32.97,61.62,3100.0,16,136,0.0,49.3
40.35,49.38,5.69,983.28,55.46,35.08,40.86,38.73,4900.0,12,137,2.0,61.66
27.3,83.85,3.65,8.13,30.87,25.77,27.11,62.04,9200.0,3,131,0.0,37.98
38.32,54.07,0.56,888.1,52.07,36.26,41.99,46.78,8500.0,10,165,0.0,63.23
30.13,85.5,0.97,1.95,39.75,28.7,30.4,59.2,4900.0,6,149,0.0,45.48
42.68,51.64,0.5,949.74,65.73,40.34,46.74,46.29,4200.0,11,166,1.0,72.32
39.9,64.26,8.49,678.61,65.96,36.28,38.57,69.1,8500.0,9,93,0.0,62.74
26.13,84.52,3.77,7.18,28.11,24.68,25.97,47.82,4900.0,6,91,0.0,33.78
41.95,59.28,1.55,1028.13,70.21,39.26,45.13,65.13,8500.0,12,179,2.0,73.72
30.58,82.1,2.89,3.66,40.18,28.78,30.4,47.08,4200.0,6,148,0.0,42.54
26.5,76.45,1.73,22.7,28.43,24.28,26.67,75.06,4900.0,23,116,0.0,35.19
33.9,69.79,2.71,485.25,46.32,31.49,35.13,72.55,3100.0,16,116,0.0,53.28
39.03,56.12,0.61,758.41,55.88,36.55,42.27,44.59,8500.0,9,168,0.0,64.58
36.0,61.52,1.17,688.81,48.98,33.47,38.52,73.96,4900.0,9,161,0.0,60.48
26.0,82.47,3.71,0.0,27.76,24.34,25.8,72.71,8500.0,23,96,0.0,35.13
27.23,88.73,2.92,35.01,31.24,26.23,27.29,44.42,4200.0,3,152,0.0,38.99
26.0,88.19,2.76,11.13,27.97,24.92,26.01,35.51,4900.0,19,135,0.0,34.55
29.3,83.79,3.49,20.52,36.52,27.74,29.12,44.54,3100.0,3,152,0.0,41.12
28.27,85.29,4.03,0.0,33.73,26.85,27.92,32.85,9200.0,21,101,0.0,36.36
27.42,83.57,1.27,0.0,31.13,25.84,27.56,62.18,3100.0,6,102,0.0,38.86
26.03,82.43,2.38,0.0,27.81,24.37,26.0,42.63,8500.0,21,132,0.0,32.26
28.72,81.32,1.31,0.0,34.24,26.88,28.86,70.62,4900.0,0,106,0.0,41.45
43.33,45.21,3.18,1006.0,62.1,37.52,45.17,41.77,4900.0,11,152,1.0,68.42
26.74,81.55,0.5,5.58,29.3,25.0,27.03,79.88,4900.0,23,170,0.0,38.64
40.58,53.7,4.85,966.07,59.62,36.03,41.52,46.58,4200.0,12,125,2.0,63.68
39.54,55.1,0.61,622.41,56.95,36.35,42.37,36.15,4200.0,9,174,0.0,61.16
36.07,58.65,1.95,778.61,47.63,32.93,38.34,64.73,8500.0,14,97,4.0,57.71
42.42,50.58,7.12,974.0,63.72,36.99,41.94,42.19,3100.0,12,158,2.0,65.85
27.29,90.03,1.59,10.54,31.58,26.38,27.47,66.75,4200.0,22,179,0.0,42.57
29.86,91.26,3.77,36.68,40.61,29.09,29.69,37.78,4200.0,21,169,0.0,43.64
31.86,82.79,0.82,5.62,45.06,30.12,32.22,43.35,9200.0,21,125,0.0,46.24
26.0,85.02,2.54,0.0,27.85,24.59,25.96,69.91,3100.0,20,117,0.0,37.43
28.11,83.96,3.54,0.0,33.02,26.55,27.85,40.46,8500.0,21,136,0.0,35.99
32.18,68.13,1.57,495.29,40.24,29.96,33.93,56.54,8500.0,8,165,0.0,49.95
37.26,69.2,0.94,395.88,58.69,34.95,39.13,68.98,4900.0,8,119,0.0,61.07
40.9,54.33,1.56,836.46,61.32,37.1,43.55,46.67,8500.0,14,112,4.0,67.01
39.71,63.94,1.44,663.07,64.87,37.02,42.04,49.48,4900.0,9,105,0.0,66.13
28.21,81.62,1.97,0.0,32.89,26.41,28.22,81.65,4200.0,23,103,0.0,42.29
38.36,61.92,0.92,708.97,57.7,36.04,41.18,47.37,4200.0,9,163,0.0,61.76
33.7,77.15,0.68,195.34,49.4,31.97,34.98,72.94,9200.0,7,160,0.0,54.7
27.14,78.7,2.44,37.91,29.92,25.15,27.27,62.04,9200.0,23,141,0.0,35.3
39.77,61.84,2.92,708.99,63.3,36.38,41.3,65.35,3100.0,15,126,5.0,65.94
37.93,67.24,0.95,459.62,60.01,35.53,40.0,75.19,4200.0,16,118,6.0,63.93
28.83,85.87,1.82,6.21,35.52,27.47,28.93,43.88,4200.0,4,156,0.0,39.71
31.17,85.26,4.07,31.48,43.44,29.74,30.82,77.04,9200.0,3,104,0.0,48.23
30.28,76.62,1.55,214.13,37.54,28.42,31.22,68.33,4900.0,17,136,0.0,45.37
26.0,93.83,1.85,17.38,28.18,25.48,26.19,75.01,9200.0,23,135,0.0,40.25
28.83,79.38,6.72,10.74,34.13,26.8,27.97,68.78,9200.0,18,141,0.0,38.03
28.53,89.45,0.62,0.0,35.36,27.53,28.83,43.43,8500.0,3,108,0.0,41.32
28.26,77.55,4.27,27.37,32.35,26.09,27.97,72.82,3100.0,6,166,0.0,38.95
33.9,61.52,1.2,715.55,42.55,31.58,36.46,35.52,8500.0,9,110,0.0,52.26
29.96,75.08,1.85,211.43,36.22,27.9,30.8,72.78,8500.0,17,153,0.0,46.02
28.18,87.47,4.33,0.0,33.84,26.97,27.79,46.37,4900.0,18,126,0.0,38.9
32.54,84.85,1.14,24.71,48.7,31.06,32.94,77.35,3100.0,3,116,0.0,52.89
40.75,54.93,1.79,635.37,61.28,36.48,42.72,43.22,4900.0,9,144,0.0,62.43
27.54,84.92,3.07,0.0,31.62,26.1,27.39,78.9,8500.0,0,118,0.0,41.32
26.47,86.12,4.09,0.0,29.0,25.16,26.21,74.91,8500.0,22,109,0.0,38.39
29.29,79.02,1.3,255.6,35.34,27.87,30.45,39.65,4900.0,17,114,0.0,43.58
26.66,87.66,1.81,0.0,29.58,25.5,26.72,58.45,8500.0,4,159,0.0,36.24
38.57,58.09,1.83,837.21,55.68,35.35,41.05,59.65,8500.0,14,152,4.0,65.48
35.02,73.21,4.93,471.47,52.31,32.72,35.33,72.8,9200.0,16,125,6.0,55.8
30.82,83.86,2.42,74.83,41.64,29.34,31.06,39.5,9200.0,2,91,0.0,45.02
41.83,55.55,2.98,958.48,66.06,37.8,43.81,42.1,4900.0,11,111,1.0,68.46
28.2,89.92,2.0,2.86,34.37,27.25,28.26,78.13,8500.0,1,105,0.0,43.96
29.06,82.97,2.63,0.0,35.58,27.39,28.95,38.05,4200.0,0,107,0.0,40.23
28.75,84.67,2.74,0.0,35.02,27.25,28.62,75.67,9200.0,22,158,0.0,43.52
30.18,80.11,4.13,22.84,38.25,28.21,29.81,65.09,3100.0,20,143,0.0,43.34
35.26,59.01,3.67,428.49,45.35,31.23,35.88,70.82,4200.0,16,119,6.0,52.32
28.39,79.3,2.8,0.0,32.96,26.35,28.24,61.58,9200.0,21,134,0.0,39.08
36.04,65.55,1.19,685.86,51.49,34.0,38.56,63.0,4200.0,15,108,5.0,60.88
29.33,89.29,1.36,33.01,38.06,28.39,29.69,45.31,8500.0,4,176,0.0,44.62
38.6,49.99,3.98,773.6,50.36,33.52,39.67,56.0,9200.0,14,123,4.0,59.15
26.72,82.99,2.43,0.0,29.36,25.1,26.68,68.63,4200.0,2,102,0.0,37.02
26.0,83.24,0.74,26.87,27.79,24.51,26.37,73.6,9200.0,6,132,0.0,39.28
39.81,55.06,0.99,801.52,57.9,36.63,42.82,63.87,4900.0,10,151,0.0,65.74
36.52,58.96,3.36,651.72,49.21,32.78,37.75,60.05,4200.0,9,111,0.0,57.24
35.88,69.33,2.21,570.66,53.24,33.58,37.53,33.35,3100.0,8,141,0.0,55.93
42.4,51.87,4.88,877.33,64.86,37.28,43.01,41.37,8500.0,13,141,3.0,66.56
42.71,43.61,5.12,887.49,58.63,36.18,43.12,61.37,4900.0,12,125,2.0,66.17
31.07,77.74,1.12,0.0,40.32,28.79,31.27,40.3,4200.0,1,162,0.0,41.39
26.82,81.36,3.36,0.0,29.47,25.04,26.64,63.07,4200.0,2,108,0.0,36.42
26.67,80.71,1.6,0.0,29.09,24.83,26.75,45.39,4200.0,6,127,0.0,33.72
28.97,87.07,3.9,0.0,36.26,27.72,28.62,80.26,4200.0,20,159,0.0,43.82
32.65,83.36,4.66,239.68,48.43,31.27,32.68,71.71,4900.0,17,168,0.0,52.84
26.0,89.02,2.83,29.58,28.0,25.03,26.09,31.91,4200.0,2,146,0.0,33.49
39.18,64.03,1.99,740.31,62.7,36.45,41.35,40.55,8500.0,9,109,0.0,64.37
28.79,84.39,2.47,29.3,35.1,27.33,28.88,41.91,9200.0,21,98,0.0,40.33
31.46,88.45,0.74,0.0,45.93,30.32,31.8,41.26,9200.0,6,121,0.0,49.31
35.18,66.8,6.08,471.44,49.17,32.03,35.01,77.11,8500.0,8,93,0.0,52.82
34.23,66.65,2.01,561.32,45.87,31.73,35.95,68.83,3100.0,16,139,0.0,54.06
42.81,61.03,1.39,802.2,76.02,39.88,45.57,46.75,4200.0,10,171,0.0,71.62
33.06,87.68,0.5,0.0,52.5,31.81,33.51,43.18,3100.0,6,94,0.0,51.48
26.0,89.18,2.36,0.0,28.01,25.0,26.0,64.19,8500.0,23,109,0.0,36.91
41.25,49.87,3.3,927.46,58.88,36.26,42.93,36.62,9200.0,13,176,3.0,65.19
31.69,87.64,2.43,49.96,46.54,30.56,31.84,80.13,4900.0,18,164,0.0,51.89
30.33,91.72,5.26,0.0,42.61,29.54,29.63,77.83,9200.0,3,126,0.0,46.97
27.9,86.92,0.66,41.03,32.93,26.8,28.42,81.71,4200.0,5,111,0.0,44.23
38.48,63.29,0.5,685.97,59.21,37.03,41.67,63.52,9200.0,9,147,0.0,66.52
26.65,84.97,1.32,0.0,29.35,25.22,26.78,65.41,9200.0,6,157,0.0,38.47
41.67,51.99,0.5,925.64,62.2,39.37,45.63,31.31,8500.0,12,133,2.0,68.53
42.96,52.96,2.21,1000.7,68.11,38.78,45.52,75.63,4200.0,13,123,3.0,73.73
26.76,83.33,2.34,40.89,29.49,25.25,26.94,41.54,8500.0,3,166,0.0,35.0
32.41,74.13,2.26,238.1,43.29,30.15,33.17,76.12,8500.0,7,131,0.0,49.49
27.5,83.88,0.5,4.0,31.38,25.97,27.81,74.1,4900.0,4,98,0.0,41.56
30.14,84.47,2.17,0.0,39.46,28.6,30.12,44.05,8500.0,0,96,0.0,43.51
30.12,81.57,2.23,0.0,38.5,28.27,30.07,69.96,8500.0,3,157,0.0,44.05
26.32,89.77,1.99,28.62,28.86,25.43,26.53,37.63,3100.0,2,108,0.0,35.2
34.83,73.52,2.07,483.22,51.74,32.94,36.34,41.23,8500.0,8,120,0.0,57.12
31.91,74.2,5.24,295.43,41.71,29.59,31.92,73.51,3100.0,7,124,0.0,47.23
29.57,86.51,1.28,0.0,38.12,28.25,29.74,79.68,9200.0,0,146,0.0,47.44
31.54,78.98,8.22,0.0,42.33,29.38,29.95,65.54,4900.0,5,174,0.0,43.2
33.45,64.25,0.5,511.45,42.4,31.69,35.92,68.72,4900.0,8,150,0.0,53.59
27.28,81.02,0.61,0.0,30.48,25.45,27.52,37.58,3100.0,6,120,0.0,36.35
30.98,81.61,0.69,0.0,41.38,29.11,31.29,75.22,4200.0,3,172,0.0,48.78
41.95,48.15,0.74,957.04,59.89,38.41,45.65,69.86,9200.0,12,142,2.0,72.1
36.46,67.19,0.97,436.54,54.08,34.05,38.41,39.15,9200.0,16,121,6.0,56.45
29.92,82.26,1.04,40.44,38.06,28.27,30.37,39.85,3100.0,1,155,0.0,41.85
27.38,77.72,2.74,21.91,30.35,25.26,27.39,61.76,4200.0,4,148,0.0,36.34
40.65,47.88,2.81,916.08,55.34,35.52,42.61,42.95,9200.0,11,99,1.0,63.3
26.51,87.13,0.5,8.49,29.18,25.34,26.84,37.15,4900.0,20,91,0.0,37.88
29.04,76.3,3.08,147.53,34.05,26.92,29.37,79.24,4200.0,7,155,0.0,43.92
28.04,88.16,1.45,53.64,33.55,27.04,28.45,34.68,8500.0,5,149,0.0,39.88
30.68,78.98,1.84,208.5,39.49,29.01,31.52,80.17,3100.0,7,177,0.0,48.6
30.84,75.69,0.5,134.39,38.92,28.91,31.88,71.4,9200.0,17,106,0.0,46.46
28.33,81.89,3.67,49.47,33.29,26.64,28.26,42.65,4900.0,2,105,0.0,37.78
26.7,84.53,1.14,52.95,29.43,25.38,27.14,76.47,3100.0,21,105,0.0,40.26
41.54,47.43,3.32,901.54,57.89,36.09,43.13,70.73,4200.0,11,135,1.0,67.31
30.07,80.17,1.01,33.56,37.93,28.18,30.49,60.8,9200.0,2,128,0.0,44.18
26.0,88.38,6.48,0.0,27.98,24.92,25.45,45.21,9200.0,21,120,0.0,33.31
26.0,81.5,1.09,6.44,27.72,24.27,26.2,63.34,3100.0,5,177,0.0,34.11
26.0,85.15,0.59,0.0,27.86,24.61,26.22,72.07,8500.0,1,90,0.0,37.2
30.18,89.17,5.66,43.32,41.14,29.18,29.58,47.38,9200.0,22,100,0.0,44.2
44.38,51.88,1.52,939.64,72.85,40.17,47.34,32.95,3100.0,11,174,1.0,70.89
27.71,86.76,2.59,0.0,32.36,26.45,27.64,45.36,8500.0,1,93,0.0,38.49
29.07,86.33,5.61,67.1,36.4,27.82,28.63,37.36,4200.0,5,160,0.0,40.28
36.62,62.34,0.89,478.74,51.57,33.77,38.73,49.07,4200.0,16,115,6.0,56.85
26.03,80.2,1.78,84.34,27.73,24.34,26.47,82.68,4900.0,2,139,0.0,38.19
29.47,82.41,0.64,0.0,36.69,27.73,29.76,79.28,9200.0,1,101,0.0,45.03
28.5,93.04,7.2,0.0,36.02,27.85,27.57,70.2,4200.0,22,170,0.0,41.95
29.0,85.8,1.05,0.0,36.06,27.62,29.21,38.82,9200.0,19,164,0.0,41.4
31.09,75.78,1.79,207.63,39.71,29.06,31.93,75.35,4900.0,7,154,0.0,47.37
29.37,91.25,1.11,2.74,38.72,28.54,29.61,34.25,4200.0,21,136,0.0,43.43
39.23,47.66,2.88,914.64,50.78,34.19,41.18,55.53,4900.0,11,142,1.0,61.91
29.36,88.32,1.04,9.64,37.91,28.26,29.66,73.62,3100.0,3,160,0.0,46.26
26.0,83.07,1.03,0.0,27.78,24.4,26.16,59.65,4900.0,4,91,0.0,34.7
41.61,48.45,2.7,945.91,58.97,36.56,43.69,43.04,4900.0,12,113,2.0,67.04
39.54,60.81,2.9,852.8,61.45,36.27,41.41,60.63,9200.0,14,93,4.0,68.03
29.63,86.76,3.32,15.52,38.4,28.36,29.46,61.92,9200.0,22,108,0.0,44.25
39.41,54.93,0.98,726.38,56.36,36.02,42.2,71.08,3100.0,15,115,5.0,66.78
35.66,52.1,2.08,660.53,43.21,31.38,37.53,40.37,8500.0,9,164,0.0,50.85
26.9,80.36,2.39,19.78,29.55,25.05,26.97,57.85,8500.0,22,129,0.0,36.0
38.26,62.4,3.26,625.45,57.66,34.83,39.45,40.65,4200.0,15,139,5.0,59.44
42.31,49.63,1.33,959.64,62.46,38.15,45.44,69.8,8500.0,11,132,1.0,72.7
34.96,64.8,2.38,439.16,47.35,31.86,36.18,78.64,9200.0,16,164,0.0,56.5
34.85,60.79,3.49,721.51,44.98,31.56,36.26,76.74,4900.0,15,156,0.0,55.79
41.8,47.94,1.34,907.34,59.21,37.28,44.78,81.19,4900.0,11,101,1.0,71.71
31.11,83.6,7.51,296.32,42.58,29.78,30.61,69.32,4200.0,7,156,0.0,45.9
29.31,75.74,3.98,5.06,34.64,26.88,28.92,75.75,9200.0,19,116,0.0,40.13
29.3,83.83,2.37,0.0,36.52,27.71,29.24,81.51,9200.0,2,143,0.0,43.89
36.68,63.49,0.62,664.57,52.53,34.99,39.61,64.47,9200.0,15,155,5.0,61.69
39.52,52.7,2.15,910.48,55.12,35.46,41.94,77.73,3100.0,12,138,2.0,66.76
27.62,84.58,5.01,15.39,31.78,26.16,27.21,38.49,4200.0,22,105,0.0,35.83
28.04,84.12,3.29,0.0,32.87,26.51,27.83,45.93,9200.0,18,91,0.0,37.11
29.22,76.08,0.67,203.61,34.48,27.57,30.42,62.24,4900.0,7,149,0.0,45.25
30.72,81.94,2.38,0.92,40.6,28.9,30.64,47.68,9200.0,21,143,0.0,43.69
29.24,89.76,3.86,46.06,37.86,28.33,29.1,45.83,3100.0,4,119,0.0,42.33
27.6,73.33,4.6,0.0,30.3,24.98,27.16,40.68,9200.0,19,173,0.0,31.46
32.25,77.24,4.31,257.32,44.08,30.24,32.43,34.92,9200.0,7,127,0.0,46.27
29.36,83.62,2.24,0.0,36.65,27.74,29.32,47.18,4200.0,23,117,0.0,41.28
41.07,46.12,0.77,963.29,55.36,37.26,44.72,76.07,8500.0,11,114,1.0,70.79
26.03,90.51,2.51,12.27,28.14,25.18,26.09,37.48,4900.0,0,99,0.0,34.84
27.86,80.73,1.17,37.35,31.86,26.09,28.23,76.45,4900.0,20,149,0.0,40.68
30.47,84.72,3.36,30.12,40.69,29.0,30.32,63.13,8500.0,19,131,0.0,45.8
26.0,87.2,4.19,24.17,27.93,24.84,25.87,42.63,8500.0,5,129,0.0,34.0
30.87,87.16,0.75,0.83,43.03,29.6,31.2,41.79,9200.0,21,166,0.0,46.76
28.76,77.92,3.43,235.12,33.66,26.95,29.28,63.67,4900.0,17,131,0.0,42.24
28.3,76.2,5.0,278.28,32.22,26.32,28.6,31.6,4900.0,7,136,0.0,36.93
29.06,83.34,1.88,0.0,35.67,27.42,29.1,45.6,8500.0,6,126,0.0,41.09
28.97,80.47,1.05,0.0,34.76,27.04,29.16,71.4,8500.0,0,169,0.0,43.13
26.09,78.17,1.17,0.0,27.75,24.0,26.21,67.52,4900.0,20,111,0.0,34.85
37.3,62.58,0.5,662.47,54.19,35.73,40.37,35.31,8500.0,15,146,5.0,60.11
38.59,47.49,1.81,909.75,48.82,34.0,41.19,44.67,4900.0,11,173,1.0,60.25
27.24,78.73,0.98,0.0,30.15,25.18,27.41,69.78,9200.0,5,116,0.0,38.17
27.27,81.11,3.58,0.0,30.47,25.45,27.03,63.97,9200.0,19,130,0.0,35.83
26.0,86.81,2.02,0.13,27.92,24.77,26.04,48.84,4200.0,1,169,0.0,36.33
40.82,53.94,1.79,976.42,60.71,37.16,43.65,44.47,3100.0,13,123,3.0,67.47
29.4,87.83,0.59,73.86,37.91,28.51,30.14,64.92,4200.0,3,121,0.0,46.32
30.19,83.05,0.96,0.0,39.18,28.5,30.43,69.18,3100.0,0,179,0.0,47.12
29.78,89.76,1.3,0.0,39.82,28.79,29.96,63.57,4900.0,22,178,0.0,46.55
32.37,73.73,1.19,272.75,43.02,30.35,33.65,77.71,9200.0,17,155,0.0,53.38
41.81,41.06,1.12,976.17,53.9,36.54,45.11,48.35,3100.0,12,101,2.0,66.9
28.57,84.83,3.45,0.0,34.53,27.1,28.32,57.96,4900.0,1,129,0.0,40.66
32.5,67.61,1.88,471.96,40.98,30.05,34.05,37.51,8500.0,8,162,0.0,47.58
30.46,85.82,1.6,0.0,41.03,29.05,30.57,63.32,3100.0,20,165,0.0,45.88
26.0,86.74,3.27,64.1,27.92,24.87,26.15,66.03,8500.0,1,179,0.0,35.82
34.32,73.57,1.91,460.29,49.8,32.44,35.85,70.2,4900.0,8,162,0.0,56.89
27.52,88.02,0.74,66.63,31.97,26.61,28.13,40.19,3100.0,0,99,0.0,41.05
38.19,52.35,0.5,868.29,50.58,36.02,41.87,43.66,3100.0,10,137,0.0,62.81
27.34,90.97,4.14,0.0,31.85,26.5,27.04,38.83,9200.0,2,109,0.0,36.58
27.05,82.05,2.54,4.81,30.05,25.34,27.02,44.88,4900.0,19,128,0.0,35.57
29.44,85.0,5.43,48.28,37.26,28.02,28.94,77.03,9200.0,22,149,0.0,42.61
30.19,85.48,7.66,0.1,39.95,28.75,28.94,45.84,4200.0,3,155,0.0,40.58
32.1,75.52,2.21,228.18,42.86,30.0,32.87,70.44,8500.0,17,154,0.0,49.37
26.78,85.8,2.25,0.0,29.75,25.44,26.78,35.06,9200.0,22,140,0.0,35.87
26.0,82.99,0.5,27.87,27.78,24.51,26.42,73.06,8500.0,5,125,0.0,38.15
30.67,88.11,4.21,22.54,42.63,29.53,30.29,45.67,9200.0,2,113,0.0,43.47
29.94,84.38,1.99,0.0,38.74,28.39,29.95,47.32,8500.0,21,116,0.0,41.87
39.57,52.42,2.54,808.98,55.08,35.12,41.49,70.8,9200.0,10,91,0.0,64.18
37.82,59.38,1.19,833.52,53.89,35.27,40.74,62.92,8500.0,14,120,4.0,65.66
29.74,82.18,3.03,0.0,37.47,27.97,29.52,74.07,4200.0,21,146,0.0,44.0
28.85,86.84,3.24,71.74,35.81,27.69,28.94,49.97,9200.0,4,167,0.0,42.16
29.04,78.65,2.16,0.0,34.56,26.92,29.01,61.95,3100.0,19,155,0.0,39.84
36.5,57.23,6.14,660.38,48.17,32.26,36.54,41.57,4900.0,9,118,0.0,52.16
42.31,46.96,0.5,938.62,60.12,39.2,46.29,34.18,8500.0,11,104,1.0,67.63
42.66,54.0,1.48,760.67,67.95,38.53,45.19,75.91,4200.0,14,101,4.0,73.05
35.27,71.91,3.02,497.21,52.49,33.02,36.39,78.92,4200.0,16,117,6.0,58.25
41.35,60.17,1.28,636.64,68.49,38.06,43.73,51.22,4200.0,9,173,0.0,67.27
27.15,79.75,3.95,0.0,30.04,25.19,26.85,77.43,4900.0,5,113,0.0,38.74
32.86,76.91,2.14,202.41,46.12,30.84,33.57,74.91,8500.0,17,110,0.0,54.33
41.28,51.43,1.74,973.46,60.29,37.22,44.12,64.01,9200.0,12,99,2.0,71.45
29.19,92.45,2.64,40.3,38.39,28.55,29.3,79.82,8500.0,2,167,0.0,47.26
27.59,84.59,0.86,28.67,31.71,26.2,27.99,59.45,4900.0,23,107,0.0,39.94
37.64,59.21,2.23,651.91,53.15,34.1,39.43,67.21,3100.0,9,177,0.0,61.56
41.4,46.54,1.75,905.97,56.75,36.39,44.03,33.99,8500.0,13,103,3.0,63.4
28.24,79.72,2.33,32.84,32.65,26.31,28.35,61.23,9200.0,5,123,0.0,38.89
26.74,80.79,1.45,49.73,29.24,25.03,27.1,40.82,3100.0,2,147,0.0,34.61
37.44,60.72,1.24,654.54,53.45,34.57,39.84,35.42,3100.0,15,165,5.0,58.1
27.1,78.82,3.32,45.4,29.84,25.13,27.11,76.56,3100.0,6,111,0.0,37.0
27.83,87.0,4.17,20.81,32.74,26.62,27.6,38.67,4900.0,19,159,0.0,36.95
41.34,56.92,1.21,961.56,65.34,38.5,44.62,45.78,4200.0,13,125,3.0,72.06
36.95,71.83,2.33,429.19,59.33,34.6,38.18,47.06,4200.0,8,134,0.0,58.23
36.03,56.58,2.38,860.61,46.41,32.62,38.25,79.17,4200.0,14,125,4.0,60.45
28.14,89.41,6.02,0.0,34.09,27.13,27.46,32.97,3100.0,20,111,0.0,36.79
26.27,82.16,1.51,22.17,28.31,24.63,26.49,63.88,9200.0,2,167,0.0,36.57
29.71,91.06,2.71,13.56,39.95,28.88,29.67,74.2,3100.0,1,169,0.0,48.58
28.68,89.86,2.09,0.0,35.93,27.71,28.7,46.56,9200.0,1,150,0.0,40.74
27.91,83.48,1.69,42.05,32.4,26.41,28.2,72.17,8500.0,2,145,0.0,41.86
32.41,78.1,2.38,236.08,45.03,30.59,33.15,77.0,4900.0,17,178,0.0,51.97
42.78,51.12,1.75,946.01,65.61,38.46,45.55,66.0,8500.0,13,122,3.0,73.15
29.42,84.94,3.58,37.89,37.2,28.0,29.29,65.31,4200.0,19,134,0.0,43.62
29.34,76.67,1.91,222.54,34.92,27.48,30.2,46.01,4200.0,17,125,0.0,42.82
36.57,59.61,3.39,710.64,49.78,33.01,37.93,37.29,3100.0,9,109,0.0,54.84
29.54,92.23,5.16,0.0,39.67,28.81,28.92,43.66,3100.0,1,107,0.0,42.13
27.89,85.14,2.59,11.57,32.61,26.48,27.88,37.41,4200.0,21,127,0.0,36.54
27.34,91.25,5.26,10.14,31.89,26.54,26.92,39.57,9200.0,0,156,0.0,37.51
28.37,84.7,3.91,0.0,33.91,26.89,28.04,67.69,3100.0,3,112,0.0,40.25
41.72,45.73,4.22,975.08,57.16,35.91,42.91,77.5,8500.0,13,105,3.0,67.49
26.0,84.69,1.03,0.0,27.84,24.56,26.16,43.3,9200.0,0,148,0.0,35.11
41.06,44.16,1.83,862.17,53.89,35.55,43.5,74.64,8500.0,13,158,3.0,66.91
35.59,66.6,0.73,721.67,50.5,34.35,38.57,73.5,4200.0,15,157,5.0,62.09
26.86,86.78,1.47,0.0,30.03,25.61,26.97,44.41,4200.0,21,110,0.0,37.86
39.97,44.15,5.25,940.39,50.71,33.91,40.62,37.51,4200.0,13,167,3.0,58.29
27.7,85.47,1.32,65.19,32.13,26.47,28.17,44.45,8500.0,19,167,0.0,40.21
30.94,84.52,4.07,22.4,42.32,29.42,30.57,72.78,8500.0,2,159,0.0,46.64
32.85,84.38,1.48,36.91,49.78,31.33,33.21,69.47,4900.0,2,101,0.0,52.17
33.7,66.78,4.12,492.27,44.24,30.78,34.4,74.71,9200.0,8,105,0.0,53.19
26.0,84.4,2.39,0.0,27.83,24.53,25.98,45.29,4900.0,5,170,0.0,32.87
38.14,52.1,3.39,1015.78,50.27,33.91,40.09,74.64,3100.0,12,176,2.0,64.96
28.77,90.21,0.76,52.23,36.32,28.01,29.35,73.68,4200.0,20,103,0.0,46.85
27.33,79.13,2.39,0.0,30.39,25.31,27.27,41.92,9200.0,1,150,0.0,34.2
32.42,72.5,1.5,276.23,42.68,30.19,33.58,63.5,4900.0,7,160,0.0,50.51
27.58,83.95,1.15,0.0,31.58,26.03,27.74,71.76,4900.0,20,135,0.0,40.27
28.28,85.14,0.5,25.35,33.74,26.95,28.76,36.72,9200.0,1,121,0.0,39.93
26.0,81.94,1.2,47.99,27.74,24.42,26.39,67.03,3100.0,3,104,0.0,36.74
41.81,52.7,2.29,788.51,63.34,37.24,43.81,50.56,9200.0,14,133,4.0,68.83
30.05,84.77,3.27,0.0,39.25,28.54,29.79,43.2,4200.0,3,106,0.0,40.95
41.81,55.93,1.93,951.34,66.32,38.22,44.48,36.33,3100.0,12,130,2.0,69.92
42.47,47.99,1.75,869.98,61.56,37.5,45.02,66.34,4900.0,11,143,1.0,70.2
42.09,48.65,2.81,876.59,60.8,36.86,43.94,73.62,8500.0,12,133,2.0,69.45
38.97,55.28,1.95,884.16,55.08,35.37,41.47,69.4,3100.0,13,94,3.0,64.83
26.0,87.69,5.66,0.0,27.95,24.85,25.56,37.53,3100.0,19,116,0.0,32.82
31.41,69.74,3.0,207.33,38.63,28.59,31.85,68.53,3100.0,17,176,0.0,43.74
30.18,79.69,4.21,0.0,38.12,28.13,29.67,75.28,3100.0,5,167,0.0,43.64
39.18,56.46,1.57,830.19,56.67,35.81,41.8,36.99,4200.0,10,168,0.0,63.48
26.63,91.33,1.7,29.9,29.81,25.9,26.89,37.85,4900.0,1,132,0.0,38.18
30.81,87.08,2.6,19.44,42.79,29.57,30.8,75.73,8500.0,22,120,0.0,47.55
29.3,87.6,0.91,0.0,37.5,28.1,29.55,44.37,4200.0,18,106,0.0,42.89
29.2,87.48,2.29,0.0,37.11,27.98,29.16,80.79,8500.0,18,172,0.0,44.61
29.55,80.59,2.1,0.0,36.47,27.62,29.53,61.18,8500.0,4,143,0.0,42.18
26.36,87.69,2.42,0.0,28.84,25.21,26.34,76.61,4200.0,18,151,0.0,40.39
26.0,86.9,0.77,0.0,27.92,24.78,26.2,36.1,8500.0,1,176,0.0,35.23
35.61,55.82,0.76,597.79,44.8,32.51,38.13,80.65,9200.0,9,121,0.0,57.07
26.72,81.28,1.61,25.83,29.23,24.99,26.95,70.47,4900.0,1,129,0.0,37.79
42.77,53.66,1.68,800.92,68.06,38.56,45.25,65.33,9200.0,10,102,0.0,71.92
32.13,76.88,2.55,279.8,43.5,30.24,32.93,38.53,4200.0,17,173,0.0,47.23
27.48,93.57,3.78,0.0,32.65,26.89,27.24,63.71,8500.0,23,124,0.0,39.53
40.66,56.91,1.23,787.27,62.63,37.39,43.46,35.02,3100.0,14,94,4.0,66.39
36.66,67.41,4.62,413.84,55.02,33.51,36.83,82.13,4900.0,8,162,0.0,58.09
28.23,81.59,0.5,17.74,32.95,26.51,28.64,40.45,3100.0,22,118,0.0,39.65
27.4,87.24,2.46,72.76,31.54,26.33,27.69,74.9,4200.0,18,159,0.0,41.53
35.62,71.61,1.65,550.42,53.71,33.75,37.53,46.12,8500.0,8,114,0.0,57.12
28.61,84.22,2.36,10.33,34.51,27.09,28.62,63.22,4200.0,2,111,0.0,41.23
27.23,81.35,0.5,8.06,30.41,25.47,27.56,62.49,4900.0,20,155,0.0,39.07
35.97,69.41,1.57,470.25,53.65,33.65,37.68,73.95,9200.0,8,134,0.0,59.03
43.07,45.25,1.91,875.05,61.22,37.5,45.49,44.61,9200.0,13,158,3.0,67.84
31.19,86.01,1.7,0.0,43.84,29.79,31.28,72.69,4900.0,18,178,0.0,48.93
26.47,86.24,5.89,0.0,29.02,25.18,25.96,73.65,4200.0,6,161,0.0,37.28
35.59,62.55,1.29,693.27,48.21,33.15,38.05,45.37,9200.0,15,90,5.0,55.85
36.27,59.48,3.88,622.2,48.72,32.5,37.22,70.18,8500.0,15,173,5.0,55.6
28.79,84.57,6.45,0.0,35.11,27.28,27.94,76.11,4900.0,0,133,0.0,39.36
28.5,90.75,1.36,15.22,35.54,27.67,28.76,79.28,3100.0,3,176,0.0,46.6
28.26,88.22,2.38,0.0,34.25,27.14,28.23,66.47,3100.0,3,164,0.0,43.16
28.28,80.54,0.5,4.97,32.89,26.39,28.6,41.48,3100.0,6,128,0.0,37.58
31.15,74.17,0.88,270.01,39.35,29.34,32.53,60.71,4200.0,7,143,0.0,48.57
36.93,68.44,2.95,460.26,56.82,34.13,37.94,37.93,3100.0,16,177,6.0,57.64
29.76,82.58,2.27,47.6,37.64,28.12,29.94,49.77,8500.0,4,164,0.0,43.38
27.67,85.13,2.12,17.81,32.01,26.28,27.78,76.61,8500.0,6,118,0.0,42.07
27.55,80.49,1.06,0.0,31.06,25.66,27.71,66.65,3100.0,19,143,0.0,38.26
27.47,84.34,2.25,0.0,31.37,25.97,27.46,39.75,3100.0,19,179,0.0,36.53
29.14,86.29,4.45,38.38,36.63,27.86,28.84,73.11,9200.0,3,105,0.0,43.43
27.54,89.34,3.96,39.69,32.23,26.59,27.44,65.07,8500.0,5,109,0.0,41.28
27.08,83.67,0.58,33.62,30.28,25.65,27.54,46.58,9200.0,6,135,0.0,38.01
33.51,78.45,3.17,270.42,49.36,31.69,34.06,76.84,8500.0,17,156,0.0,53.59
28.04,89.96,3.18,65.48,33.88,27.2,28.16,76.97,3100.0,4,154,0.0,44.26
28.86,78.49,0.64,28.06,34.05,26.83,29.31,48.84,4900.0,19,147,0.0,40.85
26.72,81.31,2.29,0.0,29.24,24.93,26.7,33.27,8500.0,2,142,0.0,32.97
26.0,88.97,0.95,22.46,28.0,25.05,26.33,47.42,8500.0,6,90,0.0,35.61
30.16,90.08,3.86,0.0,41.34,29.2,29.77,36.45,4900.0,21,170,0.0,42.52
41.13,50.38,2.51,967.51,58.89,36.54,43.41,81.22,4200.0,13,155,3.0,70.51
26.0,85.17,0.63,0.0,27.86,24.61,26.22,35.05,8500.0,6,118,0.0,34.49
27.22,81.85,3.46,41.25,30.43,25.54,27.2,64.63,4200.0,4,173,0.0,37.08
28.41,84.47,1.47,28.57,33.97,26.97,28.69,68.55,9200.0,21,159,0.0,41.95
27.9,87.75,3.14,31.35,33.05,26.78,27.89,75.77,4200.0,4,97,0.0,41.32
29.2,85.73,1.52,0.0,36.68,27.81,29.32,79.95,4900.0,22,118,0.0,44.14
26.3,94.18,1.95,0.0,29.05,25.77,26.36,67.08,4200.0,1,140,0.0,40.17
27.13,88.08,0.7,34.18,30.9,26.13,27.59,75.61,3100.0,20,122,0.0,42.51
26.74,82.42,3.41,39.83,29.38,25.13,26.74,45.01,9200.0,21,92,0.0,34.15
26.0,83.57,0.98,52.01,27.8,24.61,26.46,72.07,4200.0,5,149,0.0,38.15
36.72,55.2,1.31,810.96,47.74,33.52,39.46,36.16,4900.0,14,124,4.0,58.07
28.33,86.27,2.08,0.0,34.08,27.01,28.34,48.17,4200.0,20,158,0.0,39.96
38.66,61.84,1.14,709.9,58.79,36.09,41.31,46.86,4900.0,9,165,0.0,63.68
27.99,84.99,3.2,0.0,32.87,26.54,27.8,72.34,4900.0,22,173,0.0,39.61
30.71,89.21,2.37,0.0,43.2,29.65,30.65,68.09,3100.0,23,109,0.0,48.16
31.51,84.98,4.15,0.0,44.65,30.0,30.98,40.75,8500.0,6,162,0.0,44.42
26.0,79.0,2.14,0.0,27.63,24.0,26.0,56.37,9200.0,4,128,0.0,33.54
26.1,88.98,4.44,0.0,28.24,25.07,25.82,34.6,4900.0,0,93,0.0,33.97
43.03,48.56,2.0,933.42,64.11,38.1,45.56,42.99,9200.0,12,108,2.0,69.75
29.67,85.93,4.73,0.0,38.3,28.29,29.11,47.68,3100.0,20,134,0.0,42.39
33.22,81.24,2.16,295.77,49.65,31.86,34.22,58.68,9200.0,17,132,0.0,53.81
42.19,52.57,5.41,883.25,64.7,37.15,42.53,38.4,9200.0,12,102,2.0,66.06
28.7,86.4,2.17,0.0,35.25,27.38,28.69,73.58,3100.0,20,102,0.0,43.47
28.2,83.61,7.08,44.75,33.22,26.66,27.48,44.23,4900.0,20,149,0.0,36.16
30.41,66.66,2.77,175.23,35.19,27.25,30.83,80.15,3100.0,17,146,0.0,42.26
26.0,90.99,4.01,0.0,28.08,25.17,25.79,81.22,3100.0,4,175,0.0,39.55
41.98,51.57,6.16,969.0,62.97,36.83,42.08,45.09,9200.0,12,141,2.0,65.54
30.72,84.8,0.87,1.68,41.61,29.21,31.02,73.44,4200.0,3,142,0.0,48.7
31.93,70.4,2.06,434.03,40.34,29.7,33.31,70.88,8500.0,16,175,0.0,50.28
28.28,85.08,4.38,23.86,33.7,26.87,27.98,71.77,9200.0,2,132,0.0,41.87
35.0,70.63,5.09,475.89,50.69,32.38,35.25,61.63,4200.0,16,172,0.0,53.8
40.69,63.11,3.44,836.41,68.43,37.52,42.2,76.32,3100.0,10,161,0.0,70.01
28.79,84.15,1.56,19.91,35.03,27.29,29.01,64.49,4900.0,20,161,0.0,41.58
26.0,91.01,0.9,0.0,28.08,25.17,26.2,36.91,3100.0,19,131,0.0,35.08
28.66,81.81,2.44,0.0,34.18,26.88,28.59,75.28,8500.0,22,179,0.0,42.19
29.08,87.68,2.71,19.41,36.79,27.93,29.08,36.43,4200.0,20,115,0.0,40.36
30.64,86.55,1.19,1.36,41.93,29.31,30.86,77.21,4200.0,3,112,0.0,48.32
26.0,88.96,4.81,70.84,28.0,25.07,25.96,78.52,4200.0,1,132,0.0,37.65
27.4,79.97,1.77,0.0,30.65,25.46,27.45,80.9,4900.0,19,166,0.0,38.9
36.18,58.29,0.85,677.8,47.77,33.52,38.9,39.13,8500.0,15,117,5.0,56.92
29.99,73.53,1.26,188.7,35.89,27.79,30.92,76.65,8500.0,17,98,0.0,45.7
30.79,80.4,1.17,165.31,40.33,29.26,31.71,82.49,9200.0,7,109,0.0,49.56
27.82,86.21,2.19,0.0,32.58,26.5,27.81,35.69,4200.0,2,145,0.0,38.12
34.2,64.84,0.69,451.82,44.92,31.93,36.33,71.16,4900.0,8,172,0.0,55.69
27.0,86.6,1.39,0.0,30.38,25.73,27.12,80.94,9200.0,19,128,0.0,41.38
27.23,87.81,4.27,0.0,31.14,26.08,26.9,59.02,4900.0,5,140,0.0,37.28
37.37,57.84,4.8,703.73,51.35,33.32,38.02,44.91,9200.0,9,101,0.0,55.71
28.51,84.87,2.05,0.0,34.35,27.04,28.52,77.33,4200.0,20,168,0.0,42.32
40.46,63.51,1.66,680.64,67.75,37.58,42.69,79.16,8500.0,9,144,0.0,71.37
44.32,44.94,3.19,976.93,65.32,38.3,46.05,48.05,9200.0,12,167,2.0,71.94
35.34,63.38,3.54,516.87,47.85,32.01,36.25,80.42,8500.0,16,100,6.0,56.16
30.65,67.98,2.52,503.49,36.11,28.26,32.06,78.47,9200.0,8,115,0.0,47.81
33.51,61.12,1.4,449.84,41.3,30.34,35.19,61.07,4900.0,16,131,0.0,50.53
29.25,80.88,0.66,33.59,35.66,27.48,29.74,67.31,4200.0,23,116,0.0,44.05
35.16,64.29,3.07,432.86,47.74,31.87,36.06,38.36,9200.0,8,100,0.0,50.77
34.4,66.71,1.51,471.09,46.48,31.86,36.12,82.37,8500.0,8,127,0.0,56.43
30.6,86.39,3.1,65.35,41.74,29.36,30.65,34.94,4200.0,0,132,0.0,43.92
26.0,83.57,1.38,9.08,27.8,24.48,26.18,76.23,9200.0,1,108,0.0,37.57
37.75,59.55,1.16,634.27,53.76,34.7,40.14,62.19,9200.0,15,153,5.0,60.77
26.28,80.43,8.5,53.09,28.25,24.47,25.6,61.77,9200.0,0,95,0.0,32.17
38.04,61.54,1.37,672.78,56.2,35.2,40.41,43.59,4200.0,9,135,0.0,60.97
31.83,71.62,0.64,257.2,40.48,29.8,33.29,68.37,3100.0,17,131,0.0,49.67
29.85,79.36,2.26,220.75,37.03,28.22,30.61,73.14,4200.0,7,154,0.0,46.12
28.96,75.55,0.91,0.0,33.71,26.52,29.16,71.75,4900.0,20,161,0.0,40.99
38.4,44.08,1.25,821.78,46.42,33.48,41.16,39.49,8500.0,10,148,0.0,58.29
28.87,85.46,0.68,0.0,35.56,27.45,29.15,72.56,3100.0,22,141,0.0,44.97
28.06,90.0,0.76,0.0,33.93,27.11,28.32,70.47,8500.0,1,136,0.0,42.46
32.69,76.61,1.04,304.03,45.34,31.12,34.15,78.19,4900.0,7,96,0.0,54.82
27.71,85.78,1.44,0.0,32.2,26.35,27.83,38.25,3100.0,21,100,0.0,37.35
29.41,78.05,1.24,250.92,35.43,27.89,30.57,72.85,3100.0,7,150,0.0,46.15
33.28,69.26,3.29,496.92,44.03,30.77,34.33,75.05,4900.0,16,157,0.0,52.76
40.43,48.78,1.01,848.08,55.29,36.36,43.52,61.76,4200.0,14,114,4.0,66.86
35.86,66.19,1.52,522.45,51.24,33.3,37.73,55.91,4900.0,16,101,6.0,57.55
27.07,80.96,4.24,26.78,29.99,25.28,26.87,60.54,8500.0,22,115,0.0,34.98
31.27,82.49,3.84,0.0,42.74,29.49,30.82,49.82,9200.0,23,101,0.0,43.54
44.61,49.2,3.76,1030.49,70.83,39.24,46.1,62.37,4900.0,12,132,2.0,72.54
29.41,79.38,1.73,41.69,35.75,27.44,29.68,62.76,8500.0,18,140,0.0,42.16
26.0,81.05,2.99,53.48,27.7,24.3,26.14,72.24,4900.0,4,126,0.0,36.86
38.84,49.75,1.5,817.18,50.95,34.54,41.44,71.06,8500.0,11,135,1.0,63.38
26.65,81.38,5.21,46.19,29.09,24.93,26.4,33.04,3100.0,0,142,0.0,31.82
30.24,86.79,2.53,37.57,40.57,29.01,30.33,76.2,3100.0,22,177,0.0,47.01
30.28,84.44,1.21,0.0,39.94,28.73,30.47,69.39,3100.0,4,169,0.0,45.31
29.75,76.54,1.52,221.17,36.01,27.92,30.72,47.06,3100.0,7,102,0.0,42.45
40.34,48.8,2.16,967.77,55.01,35.73,42.85,74.29,4200.0,12,178,2.0,67.65
35.51,73.08,1.08,189.29,54.19,33.08,36.6,45.44,9200.0,7,143,0.0,54.34
26.51,87.69,7.77,70.28,29.21,25.43,25.98,60.21,8500.0,22,146,0.0,34.43
39.0,54.18,0.95,702.58,54.4,35.5,41.74,43.19,3100.0,10,93,0.0,61.68
27.83,87.57,4.13,20.75,32.82,26.67,27.6,38.6,9200.0,0,164,0.0,36.64
44.33,50.19,4.19,982.29,70.77,39.0,45.45,49.31,4900.0,12,138,2.0,71.12
26.0,89.5,0.97,0.0,28.02,25.03,26.18,78.68,9200.0,18,96,0.0,40.52
27.62,82.57,0.73,43.78,31.51,26.09,28.11,44.63,3100.0,23,100,0.0,37.02
26.77,91.3,1.17,3.17,30.21,25.98,26.97,45.27,8500.0,2,143,0.0,38.59
26.98,82.02,1.72,0.0,29.88,25.25,27.04,46.99,3100.0,23,176,0.0,36.86
32.75,66.74,1.96,534.5,41.38,30.3,34.43,80.06,9200.0,16,134,0.0,52.63
27.93,87.51,2.57,0.0,33.12,26.74,27.87,58.84,9200.0,4,112,0.0,40.75
26.38,85.4,2.66,56.8,28.74,25.11,26.59,65.07,3100.0,19,117,0.0,37.81
26.45,87.89,1.0,0.0,29.08,25.32,26.64,77.36,9200.0,20,146,0.0,39.5
30.29,76.61,1.55,234.27,37.58,28.48,31.3,42.5,4200.0,7,115,0.0,43.43
41.16,53.34,2.19,955.48,61.45,37.12,43.64,47.58,9200.0,13,114,3.0,69.15
28.15,80.94,3.59,0.0,32.63,26.29,27.87,51.25,9200.0,3,143,0.0,37.46
40.68,57.4,5.97,820.93,63.13,36.36,40.75,45.56,8500.0,10,118,0.0,64.09
27.31,84.45,0.92,34.7,30.95,25.93,27.72,69.16,8500.0,19,172,0.0,41.43
38.33,54.33,2.36,808.66,52.27,34.33,40.39,70.57,3100.0,14,125,4.0,63.35
29.68,83.76,1.27,0.0,37.7,28.07,29.84,43.67,8500.0,18,103,0.0,41.51
30.11,91.34,2.23,60.84,41.6,29.41,30.39,63.72,3100.0,6,167,0.0,47.23
27.84,81.61,1.22,106.76,31.94,26.34,28.49,44.41,3100.0,18,124,0.0,39.27
28.1,83.84,1.96,0.0,32.97,26.53,28.12,31.24,8500.0,18,119,0.0,37.63
37.88,62.28,1.59,803.67,56.11,35.33,40.45,50.74,4200.0,10,106,0.0,63.86
31.51,86.85,4.26,29.59,45.44,30.24,31.1,43.28,9200.0,4,156,0.0,45.87
26.53,85.17,2.49,57.91,29.09,25.24,26.76,78.94,9200.0,4,169,0.0,39.45
29.59,80.52,0.6,0.0,36.56,27.65,29.88,34.23,4200.0,21,119,0.0,40.99
32.09,78.12,4.22,281.62,43.88,30.22,32.37,67.84,4200.0,7,134,0.0,48.7
38.28,56.41,1.0,642.34,53.49,34.92,40.81,68.92,9200.0,9,168,0.0,61.74
26.82,83.34,2.8,0.0,29.64,25.24,26.73,66.93,8500.0,5,178,0.0,37.55
42.18,51.33,1.24,843.62,63.51,38.07,45.1,63.27,8500.0,14,140,4.0,70.84
37.5,55.99,1.11,690.05,50.63,34.19,40.06,70.05,3100.0,15,136,5.0,62.69
33.11,70.73,2.0,525.09,44.14,31.07,34.76,45.45,3100.0,16,142,0.0,53.02
33.18,76.71,3.21,248.7,47.18,31.12,33.65,78.22,4900.0,7,153,0.0,53.44
32.17,74.67,4.55,239.3,42.73,29.84,32.22,46.5,3100.0,7,127,0.0,47.85
33.72,66.45,2.4,539.24,44.16,31.08,35.21,42.2,4900.0,8,153,0.0,50.33
26.72,81.21,1.87,39.87,29.22,25.01,26.96,43.27,8500.0,1,176,0.0,35.56
39.5,52.53,1.69,863.7,54.92,35.55,42.1,62.59,9200.0,14,178,4.0,65.2
32.01,76.69,3.48,279.34,43.02,30.03,32.52,36.29,4900.0,17,96,0.0,45.81
28.22,85.35,8.5,43.91,33.59,26.85,27.24,76.57,4200.0,2,111,0.0,39.9
30.69,64.61,0.98,521.51,35.32,28.55,32.78,61.07,9200.0,16,170,0.0,46.5
27.48,89.33,2.52,0.0,32.05,26.47,27.43,61.55,8500.0,3,171,0.0,40.23
27.95,79.21,7.66,0.0,31.85,25.91,26.96,71.28,4200.0,3,130,0.0,36.48
39.41,51.22,2.46,911.68,53.7,35.02,41.62,79.66,9200.0,13,163,3.0,66.67
35.28,72.62,1.94,467.71,52.97,33.26,36.81,35.32,4900.0,8,99,0.0,56.35
34.88,63.09,1.42,476.87,46.21,31.92,36.65,63.36,4900.0,8,146,0.0,55.24
27.85,76.25,0.51,36.52,31.2,25.67,28.34,76.55,3100.0,22,96,0.0,39.56
28.25,79.1,0.82,257.05,32.59,27.05,29.58,50.87,4200.0,17,139,0.0,42.24
38.5,61.76,3.27,656.95,58.11,35.02,39.74,81.24,8500.0,9,141,0.0,65.51
28.77,81.35,1.79,0.0,34.38,26.93,28.82,60.84,8500.0,20,122,0.0,40.83
26.96,91.69,0.83,45.46,30.8,26.34,27.46,42.85,9200.0,3,90,0.0,40.14
42.7,52.66,3.17,868.34,66.76,37.94,44.3,33.83,9200.0,11,142,1.0,67.96
30.97,77.03,3.41,241.51,39.74,29.0,31.43,75.32,9200.0,7,149,0.0,49.08
28.55,80.65,1.18,0.0,33.64,26.65,28.71,47.0,8500.0,1,123,0.0,39.87
28.22,82.16,0.7,0.0,33.01,26.48,28.46,43.25,9200.0,21,93,0.0,39.81
42.32,52.16,2.23,955.45,64.79,37.97,44.75,75.43,4900.0,12,106,2.0,72.19
28.41,84.84,0.53,0.0,34.03,26.93,28.7,69.99,4900.0,20,93,0.0,45.01
36.72,61.08,2.91,639.77,51.15,33.31,38.15,47.26,4200.0,15,132,5.0,56.0
29.55,87.34,0.93,6.7,38.29,28.34,29.86,33.86,8500.0,1,179,0.0,42.25
36.11,54.77,1.64,813.82,45.7,32.68,38.62,66.97,8500.0,10,93,0.0,58.69
34.46,57.38,0.74,566.78,42.34,31.59,36.89,35.68,4900.0,9,90,0.0,52.19
39.39,55.09,1.34,749.02,56.43,35.77,41.97,44.86,3100.0,14,160,4.0,62.88
34.92,70.57,2.97,472.82,50.38,32.49,36.01,75.63,4200.0,16,139,0.0,57.89
31.99,85.28,3.96,191.23,46.65,30.78,32.14,40.79,4900.0,7,162,0.0,47.53
30.67,71.22,0.66,172.62,37.07,28.33,31.77,73.33,9200.0,17,150,0.0,45.03
29.96,82.57,1.49,0.0,38.3,28.23,30.08,47.98,4200.0,22,124,0.0,42.88
34.76,67.59,0.65,472.16,48.16,32.92,37.02,47.08,8500.0,8,97,0.0,55.15
29.97,81.63,4.56,246.6,38.05,28.48,30.21,48.96,3100.0,7,113,0.0,42.92
39.78,52.4,2.37,907.41,55.77,35.55,42.04,86.15,3100.0,13,172,3.0,69.23
32.76,76.24,0.67,216.1,45.44,31.04,34.09,57.57,4200.0,17,125,0.0,50.91
27.09,83.62,3.05,0.0,30.32,25.53,26.95,38.21,4200.0,21,139,0.0,35.41
28.96,80.69,1.65,0.0,34.77,27.05,29.03,47.6,4200.0,19,132,0.0,39.44
29.56,86.6,1.16,13.23,38.09,28.28,29.85,74.11,3100.0,19,116,0.0,45.28
29.92,83.94,2.06,0.0,38.57,28.33,29.92,48.4,8500.0,20,121,0.0,41.46
42.77,50.97,0.78,1000.67,65.42,39.68,46.59,62.33,4200.0,11,167,1.0,75.06
26.18,84.59,1.44,0.0,28.23,24.72,26.29,75.74,4200.0,18,107,0.0,37.74
38.68,55.83,2.47,883.31,54.45,34.97,40.86,46.56,4900.0,13,117,3.0,62.51
37.08,67.21,2.4,481.08,56.51,34.24,38.38,85.49,9200.0,16,118,6.0,62.05
29.07,87.07,3.36,39.42,36.58,27.88,29.01,46.94,4200.0,23,105,0.0,41.75
30.37,86.37,3.27,55.28,40.9,29.12,30.35,44.92,4900.0,20,136,0.0,44.41
28.19,84.94,2.85,58.14,33.43,26.84,28.32,62.79,4200.0,2,148,0.0,42.03
32.83,86.71,2.46,0.0,50.95,31.48,32.72,43.0,3100.0,22,120,0.0,49.08
29.34,83.31,0.74,0.0,36.53,27.7,29.61,45.59,4900.0,6,93,0.0,40.42
32.52,67.02,2.89,486.84,40.82,29.83,33.71,79.11,8500.0,16,126,0.0,50.69
41.6,60.19,4.82,865.29,69.6,37.78,42.33,33.89,4200.0,11,106,1.0,67.41
36.03,68.37,7.1,442.77,53.23,32.96,35.34,40.71,8500.0,8,128,0.0,52.26
41.66,54.0,4.61,766.04,63.93,36.81,42.24,71.13,3100.0,14,137,4.0,66.18
32.6,75.96,1.83,213.27,44.74,30.54,33.45,42.63,3100.0,17,135,0.0,48.23
26.2,79.59,1.66,0.0,28.04,24.26,26.27,49.28,3100.0,20,179,0.0,32.39
41.83,54.76,1.05,993.09,65.33,38.92,45.34,36.29,8500.0,12,137,2.0,70.46
27.98,80.75,1.1,17.3,32.16,26.15,28.26,47.78,4900.0,20,128,0.0,38.52
28.79,79.01,0.5,199.13,33.95,27.55,30.05,62.35,3100.0,7,93,0.0,44.47
43.45,55.02,7.5,941.42,72.33,38.57,42.61,36.31,3100.0,13,119,3.0,66.87
31.16,77.59,0.5,267.71,40.54,29.99,32.75,47.53,4200.0,7,119,0.0,48.29
40.09,51.34,2.29,953.53,56.03,35.8,42.49,60.27,8500.0,13,111,3.0,65.97
26.83,84.04,2.36,19.76,29.71,25.35,26.91,42.31,8500.0,6,164,0.0,35.65
28.05,89.0,1.08,31.01,33.73,27.09,28.44,73.78,4200.0,22,155,0.0,43.5
44.13,46.97,3.74,947.51,66.66,38.31,45.46,83.43,9200.0,11,101,1.0,74.6
40.04,54.25,1.49,752.99,58.09,36.15,42.51,45.79,4200.0,10,125,0.0,63.07
28.51,90.46,4.87,0.0,35.5,27.61,28.01,62.98,3100.0,21,107,0.0,42.71
27.21,83.29,4.52,0.0,30.58,25.61,26.84,60.07,9200.0,21,179,0.0,36.85
37.93,54.31,1.08,826.59,50.98,34.77,40.89,58.79,4200.0,10,142,0.0,62.59
28.01,85.18,0.66,13.81,32.96,26.64,28.38,47.73,4200.0,21,160,0.0,40.55
42.48,50.46,1.32,959.6,63.83,38.44,45.63,72.29,9200.0,12,90,2.0,72.54
30.76,75.44,4.99,200.54,38.58,28.5,30.68,42.08,4200.0,17,147,0.0,41.22
31.2,85.25,4.6,0.0,43.56,29.72,30.57,73.08,4200.0,1,179,0.0,47.04
29.36,84.16,0.5,22.11,36.81,27.9,29.85,49.66,3100.0,20,176,0.0,44.33
38.36,56.99,1.6,793.74,54.15,35.03,40.87,62.29,4200.0,14,179,4.0,63.8
27.11,82.49,0.51,0.0,30.24,25.43,27.36,64.72,3100.0,19,95,0.0,38.38
31.97,75.72,3.24,231.55,42.49,29.82,32.41,34.25,3100.0,17,159,0.0,44.08
41.43,50.75,1.36,809.28,60.24,37.11,44.14,45.54,4900.0,14,133,4.0,66.9
28.0,79.41,2.79,29.28,32.01,26.04,28.01,49.0,8500.0,18,161,0.0,37.56
29.06,85.95,3.39,0.0,36.29,27.69,28.81,40.72,4200.0,22,113,0.0,40.15
28.16,88.96,3.3,8.35,34.05,27.12,28.01,74.69,9200.0,23,175,0.0,43.52
39.93,50.0,2.38,880.02,54.54,35.27,42.1,44.57,9200.0,11,108,1.0,64.18
42.23,49.27,0.76,928.18,61.85,38.72,45.84,47.5,4200.0,12,107,2.0,70.17
26.3,80.59,0.9,17.32,28.29,24.51,26.59,65.04,3100.0,21,119,0.0,35.96
38.15,61.41,0.73,838.67,56.5,36.49,41.51,68.63,4900.0,10,131,0.0,67.92
30.74,91.68,2.25,19.0,44.27,29.98,30.83,78.76,8500.0,4,122,0.0,50.97
28.53,81.18,3.17,29.23,33.67,26.73,28.46,60.13,4200.0,0,163,0.0,40.32
29.71,82.87,1.61,0.0,37.57,28.01,29.8,67.27,3100.0,23,101,0.0,43.17
28.5,81.95,3.92,39.71,33.74,26.79,28.33,37.11,4200.0,2,116,0.0,37.67
27.11,82.21,2.52,4.6,30.2,25.41,27.08,41.55,3100.0,21,128,0.0,35.67
29.16,80.38,3.52,0.0,35.28,27.22,28.86,67.75,9200.0,18,98,0.0,41.13
29.14,87.04,2.33,0.0,36.8,27.88,29.1,66.6,9200.0,22,110,0.0,44.08
31.29,87.68,1.7,39.39,44.89,30.15,31.59,45.82,8500.0,6,165,0.0,47.03
41.58,56.73,1.55,933.7,66.16,38.33,44.51,38.4,4900.0,11,118,1.0,69.27
38.98,56.97,1.72,836.23,56.33,35.63,41.52,70.85,8500.0,14,122,4.0,66.19
29.79,85.76,4.63,0.0,38.65,28.39,29.24,68.34,3100.0,4,151,0.0,44.76
41.07,52.78,1.48,778.26,60.64,36.94,43.62,48.14,3100.0,14,104,4.0,64.37
30.39,71.87,4.57,243.59,36.5,27.83,30.54,38.65,4200.0,7,91,0.0,39.86
36.31,58.67,3.49,671.08,48.38,32.56,37.53,79.08,4200.0,9,141,0.0,58.11
40.03,64.16,3.77,669.32,66.46,36.72,41.01,78.85,8500.0,15,133,5.0,69.08
31.24,72.5,1.07,256.48,39.05,29.12,32.49,43.13,8500.0,7,143,0.0,45.13
29.39,92.25,4.28,79.38,39.11,28.78,29.28,81.87,4200.0,0,107,0.0,47.01
38.75,54.26,1.44,889.59,53.6,35.34,41.61,79.27,3100.0,11,92,1.0,64.86
26.67,86.67,0.69,2.04,29.54,25.42,26.92,35.34,8500.0,4,96,0.0,36.82
26.0,85.4,3.68,11.18,27.87,24.65,25.88,48.72,4900.0,2,132,0.0,34.97
28.38,88.8,1.39,64.77,34.74,27.48,28.86,74.09,4200.0,0,171,0.0,44.07
28.83,78.21,1.71,7.64,33.9,26.68,28.94,79.18,3100.0,3,127,0.0,40.51
29.08,76.28,2.32,207.13,34.16,27.11,29.78,82.44,4200.0,7,126,0.0,43.99
27.46,86.91,1.83,0.0,31.67,26.22,27.52,71.43,4200.0,2,147,0.0,39.92
36.85,62.28,1.21,589.18,52.35,34.06,39.08,73.47,9200.0,9,122,0.0,60.98
28.13,89.57,0.62,2.07,34.08,27.15,28.44,72.13,4200.0,1,148,0.0,44.87
37.47,52.05,1.58,836.87,48.21,33.64,40.07,46.42,3100.0,10,100,0.0,59.29
38.68,60.58,3.55,643.17,57.9,34.96,39.74,36.87,4900.0,9,157,0.0,58.4
29.6,88.94,0.9,37.85,38.92,28.65,30.09,59.84,4200.0,20,171,0.0,46.66
40.62,46.61,4.12,962.08,54.32,35.08,41.91,52.19,8500.0,13,157,3.0,64.53
30.61,87.39,1.98,34.99,42.13,29.44,30.82,74.53,4200.0,6,177,0.0,48.79
27.81,80.9,1.18,56.32,31.75,26.11,28.26,60.65,4200.0,1,111,0.0,39.69
32.97,68.41,2.85,453.18,42.69,30.36,34.08,64.58,8500.0,8,155,0.0,51.33
36.44,62.5,3.03,727.1,51.06,33.36,38.04,32.45,4900.0,15,133,5.0,56.07
42.39,47.37,5.69,1044.99,60.74,36.67,42.83,44.91,3100.0,12,95,2.0,64.13
33.52,70.33,2.09,431.57,45.31,31.2,34.88,42.73,3100.0,8,131,0.0,51.22
28.28,85.94,2.32,0.0,33.87,26.92,28.25,74.71,8500.0,19,114,0.0,42.45
28.68,79.82,5.86,2.78,33.83,26.69,27.96,46.46,8500.0,3,146,0.0,35.56
31.1,83.44,2.23,22.11,42.48,29.47,31.17,70.31,9200.0,21,174,0.0,48.04
36.23,58.55,1.62,640.0,48.06,32.9,38.33,58.79,9200.0,9,144,0.0,56.7
31.56,88.76,1.88,0.0,46.49,30.45,31.62,62.3,3100.0,21,105,0.0,51.24
41.07,50.36,6.7,992.18,58.65,35.8,41.0,63.15,4200.0,11,103,1.0,63.94
32.68,67.68,0.5,499.09,41.54,31.32,35.1,40.06,4900.0,16,128,0.0,50.45
41.37,53.36,0.5,932.54,62.27,39.34,45.35,62.1,3100.0,13,117,3.0,72.13
38.82,54.83,0.78,989.75,54.25,36.63,42.54,42.61,4900.0,13,140,3.0,65.93
31.1,81.97,2.25,23.43,41.92,29.31,31.17,55.66,9200.0,1,138,0.0,46.43
30.09,84.66,2.01,57.79,39.34,28.69,30.38,76.49,4900.0,20,98,0.0,46.87
26.0,91.37,1.71,50.3,28.09,25.32,26.35,41.01,3100.0,19,147,0.0,36.53
40.81,50.34,1.67,833.31,57.73,36.34,43.34,62.25,9200.0,10,134,0.0,66.76
38.07,59.79,2.41,635.0,55.07,34.5,39.72,66.34,4200.0,15,111,5.0,62.15
26.0,88.94,1.29,0.0,28.0,24.97,26.14,72.09,8500.0,18,121,0.0,37.79
28.84,82.2,1.15,0.0,34.77,27.09,29.02,79.1,4200.0,22,158,0.0,44.08
26.0,85.81,2.5,0.0,27.88,24.67,25.97,79.62,4200.0,5,176,0.0,36.81
26.0,83.06,3.0,22.77,27.78,24.44,26.02,63.47,4200.0,23,158,0.0,35.32
28.96,91.34,0.83,44.59,37.25,28.28,29.49,54.76,4900.0,18,131,0.0,45.85
30.14,84.4,3.0,29.09,39.45,28.64,30.08,39.15,4200.0,4,142,0.0,41.87
29.76,90.22,4.32,20.37,39.87,28.84,29.4,62.68,4200.0,3,148,0.0,46.09
39.93,56.58,5.64,797.46,59.55,35.55,40.18,78.77,9200.0,14,163,4.0,65.34
27.6,89.43,1.83,0.0,32.43,26.6,27.67,32.38,9200.0,3,128,0.0,37.64
26.12,79.38,5.32,0.0,27.88,24.16,25.69,37.58,4200.0,19,104,0.0,29.42
38.82,58.46,0.87,689.6,56.87,35.99,41.62,78.36,4200.0,9,160,0.0,66.24
31.17,95.0,1.57,0.0,47.56,30.72,31.33,76.97,4200.0,23,118,0.0,52.18
27.67,86.77,2.54,10.34,32.24,26.43,27.68,35.41,9200.0,21,92,0.0,37.45
26.0,84.77,3.79,39.49,27.84,24.63,25.98,41.38,9200.0,2,172,0.0,32.62
28.43,85.64,0.74,33.78,34.26,27.16,28.9,43.52,3100.0,4,99,0.0,40.92
28.16,86.32,2.92,0.0,33.57,26.84,28.02,59.29,8500.0,5,118,0.0,39.77
28.85,85.64,1.97,0.0,35.53,27.45,28.87,75.82,4900.0,20,168,0.0,43.13
26.0,85.56,1.13,2.42,27.87,24.65,26.17,37.6,3100.0,21,124,0.0,34.64
31.47,76.36,3.66,273.58,41.09,29.45,31.92,45.31,4900.0,7,95,0.0,45.54
28.58,86.5,1.58,26.74,34.9,27.34,28.84,35.81,4900.0,6,101,0.0,39.93
26.36,91.94,1.68,0.0,29.08,25.62,26.46,48.9,3100.0,20,127,0.0,38.9
41.64,61.74,3.55,722.1,71.36,38.01,42.79,74.27,4200.0,9,166,0.0,71.39
28.31,89.66,0.84,0.0,34.66,27.32,28.56,70.56,8500.0,5,108,0.0,44.51
39.41,48.26,1.55,860.57,51.73,34.9,42.08,44.87,3100.0,13,156,3.0,63.75
27.29,86.92,2.81,0.0,31.21,26.05,27.2,46.11,4200.0,3,97,0.0,38.35
41.86,48.46,1.05,923.64,59.85,37.77,45.15,39.79,8500.0,12,97,2.0,66.83
29.31,81.95,0.5,9.84,36.08,27.56,29.7,68.31,4200.0,19,173,0.0,45.11
31.13,70.39,3.54,444.13,38.07,28.74,32.05,38.97,8500.0,16,136,0.0,45.51
30.51,80.26,2.82,0.0,39.36,28.52,30.32,77.43,8500.0,22,93,0.0,45.03
26.34,85.55,3.5,0.0,28.66,24.98,26.17,42.14,4200.0,6,140,0.0,34.2
27.86,78.3,1.77,68.6,31.5,25.89,28.23,59.96,3100.0,3,174,0.0,39.03
39.63,55.54,0.85,961.03,57.62,37.25,43.22,42.47,3100.0,13,156,3.0,67.53
27.2,83.43,1.49,53.16,30.57,25.75,27.58,72.02,9200.0,2,134,0.0,41.57
27.53,83.05,3.66,0.0,31.34,25.89,27.27,76.16,8500.0,23,97,0.0,39.05
27.58,83.58,1.57,15.69,31.54,26.04,27.77,36.68,9200.0,4,176,0.0,36.78
35.89,63.47,6.24,696.06,49.74,32.55,36.06,80.23,9200.0,15,105,5.0,57.08
30.3,84.28,0.66,0.0,39.93,28.73,30.61,45.67,4900.0,22,166,0.0,44.36
26.52,78.89,0.76,0.09,28.64,24.5,26.71,37.84,4200.0,19,156,0.0,31.8
28.37,82.53,2.74,0.0,33.51,26.67,28.25,76.21,4900.0,3,98,0.0,40.97
26.07,78.37,0.81,0.0,27.73,24.01,26.24,32.91,8500.0,23,149,0.0,31.58
26.76,84.67,2.21,0.0,29.59,25.3,26.75,78.81,4200.0,23,167,0.0,38.83
28.53,84.87,0.68,52.03,34.42,27.25,29.11,80.16,4900.0,1,166,0.0,45.5
28.66,78.17,4.33,257.33,33.46,26.87,29.04,45.39,4900.0,17,160,0.0,39.41
26.0,90.32,2.21,42.6,28.05,25.19,26.24,65.53,8500.0,18,104,0.0,38.43
30.3,95.68,2.15,0.0,43.93,29.91,30.32,43.44,4200.0,18,160,0.0,46.82
34.88,66.41,1.95,557.04,47.94,32.33,36.62,74.17,3100.0,16,130,0.0,57.55
42.87,55.22,0.5,889.59,70.04,40.81,46.78,73.78,4900.0,13,111,3.0,73.8
26.0,92.3,1.47,0.0,28.12,25.3,26.13,84.48,4900.0,18,113,0.0,38.82
29.18,81.19,0.58,5.06,35.52,27.34,29.52,47.89,4900.0,21,133,0.0,40.49
28.85,86.85,0.5,0.0,35.82,27.57,29.17,43.95,3100.0,23,90,0.0,42.82
37.14,50.51,5.8,887.28,46.42,32.22,37.69,35.48,3100.0,12,99,2.0,52.86
43.58,47.92,3.98,973.18,65.54,37.97,44.83,74.24,9200.0,11,169,1.0,72.58
26.0,84.0,1.05,0.0,27.81,24.49,26.16,63.17,4900.0,5,161,0.0,35.52
28.44,85.63,0.5,55.14,34.3,27.29,29.08,46.67,4900.0,20,145,0.0,42.71
26.0,83.51,3.63,35.32,27.8,24.5,25.98,59.71,8500.0,3,178,0.0,34.56
26.0,95.83,1.73,11.14,28.26,25.66,26.18,65.87,8500.0,18,139,0.0,41.6
36.18,59.45,0.5,709.5,48.41,34.48,39.35,74.74,9200.0,15,101,5.0,62.01
43.6,54.61,4.09,961.68,72.51,39.03,44.81,43.37,4200.0,12,178,2.0,70.29
29.69,81.43,2.67,26.32,37.1,27.88,29.69,64.27,8500.0,3,170,0.0,43.93
28.74,95.74,1.92,0.0,37.53,28.36,28.81,75.34,4200.0,22,149,0.0,46.97
35.15,68.98,2.0,501.1,50.31,32.76,36.73,37.37,9200.0,16,115,6.0,53.92
28.27,87.7,2.41,0.0,34.19,27.1,28.23,79.85,8500.0,22,167,0.0,44.19
26.0,88.8,1.39,0.0,27.99,24.96,26.13,79.83,9200.0,0,130,0.0,40.25
31.8,87.91,0.76,247.76,47.12,31.45,33.24,73.89,8500.0,17,125,0.0,54.56
29.88,91.8,2.33,0.0,40.83,29.1,29.85,41.61,3100.0,19,112,0.0,44.75
34.54,69.35,1.36,438.23,48.31,32.28,36.25,73.33,8500.0,16,132,0.0,57.36
37.22,52.08,2.26,813.1,47.49,33.03,39.34,68.27,9200.0,14,95,4.0,58.78
42.12,51.87,2.8,846.1,63.77,37.35,43.92,37.48,3100.0,10,158,0.0,67.88
26.0,81.34,1.59,0.0,27.71,24.23,26.08,33.61,4900.0,21,132,0.0,32.55
43.09,50.48,2.43,922.26,66.16,38.26,45.29,42.85,4200.0,12,114,2.0,71.1
26.47,82.45,1.71,0.0,28.76,24.8,26.54,61.19,3100.0,0,107,0.0,35.83
34.54,69.4,2.69,493.9,48.36,32.07,35.8,77.36,9200.0,16,151,0.0,56.95
28.96,82.33,1.04,85.53,35.14,27.47,29.59,70.51,8500.0,5,102,0.0,43.26
27.81,87.36,7.44,54.02,32.72,26.66,27.11,75.03,9200.0,3,132,0.0,39.47
30.21,84.6,2.07,0.0,39.72,28.67,30.2,74.67,4900.0,19,167,0.0,46.52
37.81,59.02,5.11,678.73,53.6,33.82,38.24,31.85,9200.0,15,117,5.0,55.73
40.71,51.4,1.69,809.47,58.21,36.34,43.17,76.4,3100.0,14,107,4.0,68.49
39.04,55.15,0.72,792.1,55.23,36.32,42.27,81.97,3100.0,14,148,4.0,67.07
28.1,82.19,5.77,0.0,32.71,26.37,27.44,71.87,4200.0,5,149,0.0,37.48
39.72,51.79,3.77,795.65,55.14,34.87,40.91,58.24,8500.0,14,152,4.0,62.93
41.81,58.45,8.03,787.28,68.78,37.38,40.62,40.59,3100.0,13,146,3.0,61.47
41.43,53.14,0.83,885.04,62.29,38.3,44.84,67.01,3100.0,10,140,0.0,71.52
27.41,74.74,4.62,49.91,30.07,25.01,27.19,77.0,9200.0,6,145,0.0,35.5
38.42,69.89,3.92,550.88,64.32,35.75,39.15,44.68,9200.0,8,116,0.0,60.88
38.75,63.1,2.17,668.25,60.16,35.71,40.63,77.96,9200.0,15,121,5.0,64.25
27.81,84.1,3.12,41.05,32.24,26.35,27.84,79.7,4200.0,4,98,0.0,41.77
27.52,90.91,0.5,85.67,32.4,27.04,28.3,72.51,4200.0,19,173,0.0,44.02
38.94,57.34,2.63,660.37,56.45,34.95,40.49,43.09,4200.0,9,157,0.0,59.2
33.36,74.16,0.71,285.64,46.59,31.61,34.93,59.09,9200.0,17,135,0.0,52.64
29.68,83.87,3.4,110.57,37.75,28.27,29.83,50.69,8500.0,2,156,0.0,43.01
40.51,57.74,2.66,949.91,62.74,36.98,42.71,66.78,9200.0,12,115,2.0,68.35
39.58,55.48,1.37,861.89,57.4,36.27,42.44,60.59,4900.0,10,97,0.0,66.12
37.39,67.34,4.68,440.26,57.86,34.23,37.55,42.8,4900.0,16,95,6.0,52.83
27.08,83.2,5.34,20.5,30.24,25.5,26.68,45.38,4200.0,21,169,0.0,35.18
41.59,45.86,2.46,978.71,56.83,36.27,43.89,77.73,4200.0,12,113,2.0,69.45
28.45,83.68,1.77,87.41,33.93,27.05,28.91,64.14,8500.0,5,137,0.0,41.67
32.69,70.71,1.13,499.09,42.78,30.96,34.69,60.07,4900.0,16,134,0.0,51.68
39.16,46.43,2.35,920.82,49.82,34.12,41.43,59.87,9200.0,12,102,2.0,61.74
29.82,81.4,1.27,24.21,37.5,28.03,30.13,82.71,4900.0,18,158,0.0,46.0
29.04,83.93,1.79,25.85,35.73,27.52,29.24,37.21,9200.0,20,114,0.0,39.85
32.73,81.23,0.95,0.0,47.71,30.78,33.02,74.18,4200.0,18,109,0.0,51.57
36.6,59.63,0.81,648.62,49.86,34.03,39.27,84.8,4900.0,9,171,0.0,61.97
28.84,85.26,4.99,0.0,35.43,27.4,28.28,62.38,3100.0,2,171,0.0,39.9
41.71,55.75,1.45,1010.15,65.77,38.57,44.9,71.64,4200.0,13,155,3.0,73.49
29.8,89.12,3.82,39.77,39.69,28.8,29.62,34.42,4200.0,18,163,0.0,42.55
29.42,80.36,3.28,65.42,36.02,27.57,29.43,60.61,8500.0,4,134,0.0,41.48
26.95,90.65,0.92,0.0,30.67,26.08,27.17,74.01,4900.0,4,136,0.0,41.68
29.31,82.26,1.95,0.0,36.18,27.56,29.33,66.44,3100.0,19,152,0.0,41.12
32.26,75.69,1.5,469.92,43.45,30.86,34.0,75.22,9200.0,16,165,0.0,54.76
26.31,83.49,0.83,11.59,28.47,24.79,26.59,34.39,9200.0,20,166,0.0,35.31
31.49,64.44,3.06,670.32,37.19,28.85,33.09,74.84,8500.0,9,144,0.0,49.88
26.24,84.84,1.92,12.11,28.38,24.84,26.36,47.09,4200.0,4,164,0.0,35.09
29.15,94.34,0.98,0.0,38.75,28.63,29.4,80.26,4200.0,3,108,0.0,47.61
26.84,85.32,0.94,0.0,29.86,25.45,27.04,43.45,8500.0,5,124,0.0,37.09
26.39,87.58,1.32,63.19,28.9,25.39,26.85,65.71,8500.0,3,142,0.0,38.64
27.25,91.6,4.54,26.96,31.66,26.51,27.02,39.21,4900.0,6,115,0.0,36.94
27.97,84.16,1.16,0.0,32.67,26.44,28.14,80.67,8500.0,6,103,0.0,41.38
30.54,76.92,1.41,284.38,38.4,28.9,31.76,59.84,4900.0,17,134,0.0,46.18
29.41,79.21,5.71,0.0,35.71,27.33,28.64,53.2,8500.0,2,133,0.0,38.63
26.0,86.01,0.96,0.0,27.89,24.69,26.18,43.64,4900.0,0,177,0.0,35.31
28.19,90.88,5.8,0.0,34.53,27.33,27.55,82.99,3100.0,23,154,0.0,42.62
30.48,82.39,1.59,0.0,39.95,28.71,30.58,41.74,3100.0,3,140,0.0,42.88
26.0,90.01,4.98,30.4,28.04,25.12,25.8,43.83,3100.0,5,132,0.0,34.3
33.78,70.16,1.65,410.84,46.12,31.5,35.28,75.92,8500.0,8,175,0.0,56.2
30.08,86.91,5.01,20.54,40.02,28.82,29.54,75.27,4200.0,21,112,0.0,45.34
40.18,46.27,1.5,885.87,52.73,35.38,42.94,81.68,4900.0,13,145,3.0,67.18
42.47,46.21,3.25,922.22,60.03,36.77,44.11,66.98,4200.0,11,108,1.0,69.08
29.31,85.1,4.37,0.0,36.86,27.84,28.84,63.65,9200.0,19,171,0.0,41.41
26.69,80.21,1.05,11.99,29.08,24.83,26.93,64.53,3100.0,23,165,0.0,35.94
29.06,89.8,1.43,0.0,37.22,28.08,29.21,72.71,4200.0,3,144,0.0,44.24
27.1,83.98,0.5,6.81,30.38,25.6,27.42,49.15,4200.0,20,149,0.0,38.55
28.9,84.51,2.46,0.0,35.45,27.39,28.83,44.47,8500.0,23,148,0.0,39.61
39.53,57.48,2.18,915.67,58.73,36.15,41.96,48.7,9200.0,11,122,1.0,65.43
39.89,62.87,1.91,726.01,64.67,36.95,42.06,46.92,9200.0,9,108,0.0,65.83
26.38,83.63,2.23,0.0,28.64,24.83,26.38,39.5,3100.0,21,117,0.0,33.11
28.75,87.24,4.19,0.0,35.59,27.52,28.36,36.86,8500.0,6,141,0.0,39.61
28.27,89.85,5.03,0.0,34.58,27.3,27.75,37.77,3100.0,2,138,0.0,38.85
31.05,82.22,0.5,51.44,41.87,29.47,31.74,50.34,9200.0,22,126,0.0,46.75
38.33,54.4,2.34,962.56,52.31,34.64,40.76,62.8,3100.0,13,115,3.0,63.89
26.0,80.52,1.21,0.0,27.68,24.15,26.13,36.57,8500.0,23,129,0.0,33.1
37.64,56.35,1.73,703.1,51.29,34.0,39.82,72.02,4200.0,9,169,0.0,61.59
36.29,55.37,1.13,727.79,46.53,33.08,38.92,59.72,9200.0,15,127,5.0,59.11
34.67,61.47,3.19,695.12,44.78,31.49,36.16,34.45,3100.0,15,166,0.0,52.17
26.0,88.79,1.51,0.0,27.99,24.96,26.11,44.93,4900.0,21,176,0.0,35.57
36.49,60.75,0.84,684.43,50.16,34.17,39.26,73.72,8500.0,9,143,0.0,62.28
42.36,53.91,4.86,1021.46,66.63,37.76,43.29,71.87,4200.0,12,111,2.0,70.23
30.76,74.03,4.06,0.0,38.16,28.09,30.24,76.88,9200.0,5,105,0.0,41.34
45.35,51.11,1.35,894.95,76.11,40.95,48.35,39.37,4900.0,11,117,1.0,71.93
34.09,68.72,2.03,422.47,46.45,31.55,35.44,65.79,8500.0,8,124,0.0,52.77
39.09,41.13,0.62,976.08,46.59,35.12,42.88,69.06,3100.0,12,149,2.0,64.04
28.97,83.06,5.37,49.41,35.33,27.37,28.52,76.26,8500.0,3,134,0.0,40.81
29.57,84.19,1.78,0.0,37.46,28.01,29.63,74.28,8500.0,23,135,0.0,44.91
38.3,63.0,1.52,863.27,58.27,36.01,41.08,38.07,4200.0,10,161,0.0,64.45
29.28,82.35,3.47,0.0,36.1,27.54,28.99,79.13,4900.0,19,144,0.0,42.24
29.22,71.93,1.96,159.03,33.6,26.72,29.84,80.18,4200.0,17,175,0.0,43.51
37.1,55.2,1.42,888.32,48.9,33.98,39.96,81.07,8500.0,10,174,0.0,63.1
26.42,81.41,2.48,22.41,28.59,24.7,26.5,72.57,9200.0,20,115,0.0,35.89
28.61,87.57,2.12,0.0,35.2,27.41,28.61,57.68,3100.0,3,174,0.0,40.37
33.32,74.14,2.33,207.56,46.43,30.96,33.96,45.4,4200.0,17,114,0.0,48.69
28.13,93.47,2.46,52.71,34.83,27.63,28.35,35.26,4900.0,0,154,0.0,41.42
31.0,86.91,3.07,59.59,43.46,29.8,31.03,61.29,4900.0,6,95,0.0,48.06
28.85,89.64,5.9,2.04,36.47,27.86,28.14,75.77,8500.0,5,112,0.0,42.37
40.01,64.81,6.72,849.66,66.97,36.74,39.87,45.44,4900.0,14,153,4.0,64.97
33.27,67.04,0.62,266.06,43.05,30.7,34.8,49.93,3100.0,17,176,0.0,49.31
26.84,88.08,1.92,21.97,30.1,25.77,27.02,72.64,9200.0,23,132,0.0,40.46
40.38,54.47,0.5,780.03,59.5,37.95,43.86,61.69,4900.0,10,112,0.0,67.27
27.26,83.34,4.34,0.0,30.69,25.66,26.91,61.32,4200.0,19,119,0.0,36.1
26.0,81.66,0.51,48.34,27.73,24.47,26.53,78.19,9200.0,23,166,0.0,38.66
41.69,59.53,1.97,842.33,69.33,38.39,44.1,75.94,4900.0,14,107,4.0,72.58
36.63,63.42,1.52,642.3,52.31,33.97,38.82,36.26,4900.0,15,176,5.0,57.54
28.65,84.1,2.19,34.28,34.61,27.17,28.81,81.92,4900.0,6,168,0.0,43.41
28.14,83.39,2.34,11.42,33.02,26.55,28.17,47.07,9200.0,20,110,0.0,38.4
37.34,51.81,3.94,700.14,47.68,32.54,38.34,74.35,3100.0,9,146,0.0,57.41
43.7,45.21,1.92,903.09,63.39,38.11,46.18,58.26,4200.0,11,112,1.0,70.95
29.65,84.76,2.97,0.0,37.89,28.15,29.46,70.92,4200.0,23,134,0.0,45.11
41.15,47.92,1.09,856.8,56.99,36.8,44.2,40.42,4200.0,13,133,3.0,66.02
29.38,88.33,1.42,0.0,37.97,28.25,29.53,62.61,4200.0,4,171,0.0,45.83
27.3,81.58,4.88,0.0,30.59,25.52,26.85,72.88,3100.0,20,177,0.0,37.95
31.75,76.35,6.26,244.22,42.0,29.58,31.36,78.93,8500.0,17,136,0.0,47.84
27.59,80.52,1.42,73.23,31.16,25.88,28.06,45.69,9200.0,4,129,0.0,37.45
28.69,84.77,4.34,0.0,34.85,27.2,28.26,73.9,8500.0,2,140,0.0,41.66
29.44,85.39,2.06,0.0,37.37,28.01,29.45,43.95,9200.0,22,131,0.0,41.64
26.0,81.92,5.72,26.32,27.74,24.32,25.66,44.54,3100.0,4,96,0.0,32.48
28.53,76.22,1.52,0.0,32.78,26.17,28.61,60.82,4200.0,23,139,0.0,39.21
34.26,65.34,1.43,514.95,45.34,31.7,36.14,77.75,8500.0,16,137,0.0,55.1
29.31,88.76,0.5,30.61,37.84,28.35,29.86,71.38,4900.0,18,173,0.0,46.35
26.71,88.96,1.75,0.0,29.84,25.68,26.79,38.67,4200.0,18,95,0.0,37.77
28.56,92.59,1.65,0.0,36.16,27.87,28.68,80.51,9200.0,20,98,0.0,46.1
44.1,51.06,0.9,896.14,70.77,40.33,47.52,38.78,9200.0,11,146,1.0,70.88
34.56,69.54,4.2,530.05,48.48,31.98,35.3,58.09,4200.0,8,120,0.0,54.29
28.16,87.62,3.74,139.11,33.82,27.19,28.39,57.93,9200.0,0,110,0.0,42.98
28.38,75.08,2.91,181.61,32.23,26.23,28.87,75.75,3100.0,17,179,0.0,39.91
29.42,91.69,1.87,21.26,39.03,28.68,29.61,43.96,8500.0,20,129,0.0,43.76
26.83,84.12,1.7,3.01,29.71,25.32,26.92,44.07,3100.0,3,134,0.0,35.78
36.01,55.63,4.58,637.38,45.85,31.69,36.68,65.3,9200.0,9,166,0.0,52.66
29.19,82.28,0.79,24.21,35.82,27.53,29.61,45.91,3100.0,6,138,0.0,42.04
28.48,83.12,2.69,0.0,33.92,26.83,28.36,36.21,3100.0,21,176,0.0,39.08
28.28,82.71,1.01,0.0,33.27,26.59,28.47,77.36,4200.0,22,109,0.0,43.49
27.36,84.36,1.11,79.18,31.06,26.08,27.93,73.91,4900.0,0,106,0.0,41.95
32.03,67.8,2.05,474.96,39.71,29.59,33.52,75.17,3100.0,16,117,0.0,50.82
30.03,86.76,1.04,0.0,39.8,28.73,30.26,48.21,3100.0,23,130,0.0,44.86
26.94,84.71,3.54,0.0,30.04,25.48,26.73,57.56,4200.0,1,155,0.0,35.9
41.03,62.87,3.2,802.79,69.69,37.79,42.59,56.5,9200.0,10,114,0.0,69.11
33.38,68.9,0.95,506.2,44.21,31.57,35.51,40.64,4200.0,8,147,0.0,51.24
28.89,85.06,1.52,0.0,35.54,27.43,29.0,72.46,9200.0,6,130,0.0,42.83
30.22,90.57,2.13,0.0,41.77,29.31,30.23,70.97,4200.0,21,95,0.0,47.62
34.33,68.59,1.42,472.27,47.21,32.06,36.11,79.96,3100.0,16,164,0.0,58.05
35.36,67.9,1.11,475.82,50.42,33.11,37.32,72.6,9200.0,16,127,6.0,58.88
26.0,85.53,4.55,0.0,27.87,24.64,25.7,41.42,4200.0,1,95,0.0,31.73
30.58,86.0,2.43,4.03,41.54,29.2,30.53,79.14,4200.0,5,134,0.0,47.54
40.25,46.49,0.95,908.46,53.09,36.11,43.55,65.11,3100.0,13,164,3.0,66.63
26.0,85.07,2.36,6.29,27.85,24.61,26.03,77.9,9200.0,5,103,0.0,38.27
28.55,89.35,1.69,0.0,35.41,27.54,28.65,61.4,9200.0,1,155,0.0,44.3
27.46,85.8,3.82,0.0,31.53,26.11,27.19,71.16,4200.0,0,129,0.0,38.6
40.14,64.69,5.0,717.53,67.44,36.83,40.59,73.45,9200.0,9,92,0.0,67.4
26.0,86.06,0.88,0.0,27.89,24.69,26.19,68.16,3100.0,20,113,0.0,37.57
26.0,88.14,1.29,0.0,27.97,24.9,26.14,77.18,3100.0,4,108,0.0,39.2
27.8,88.24,2.86,0.0,32.85,26.69,27.69,62.39,8500.0,1,107,0.0,39.81
29.99,85.63,2.18,5.94,39.31,28.59,30.01,54.04,4900.0,21,153,0.0,44.41
36.32,63.47,1.93,642.06,51.24,33.51,38.27,45.33,9200.0,15,177,5.0,57.43
26.0,91.09,2.75,0.0,28.08,25.18,25.95,60.19,8500.0,1,124,0.0,36.76
39.33,51.92,2.6,748.63,53.93,34.7,41.08,75.51,9200.0,9,151,0.0,63.37
30.25,88.31,1.34,0.0,41.09,29.1,30.42,63.87,8500.0,1,90,0.0,47.05
37.06,58.25,0.84,706.22,50.56,34.44,39.89,69.67,4900.0,15,114,5.0,61.92
36.52,54.98,1.54,704.87,47.03,32.89,38.82,67.27,4900.0,15,134,5.0,57.63
26.0,89.31,1.83,9.02,28.01,25.03,26.13,65.79,9200.0,18,138,0.0,38.1
28.23,80.81,0.5,34.02,32.82,26.5,28.74,74.8,8500.0,6,178,0.0,42.4
30.85,83.44,3.3,0.0,41.58,29.18,30.54,37.99,3100.0,21,105,0.0,41.99
40.27,49.92,4.01,1018.39,55.58,35.38,41.77,72.38,4200.0,11,108,1.0,66.46
29.57,84.91,1.47,27.39,37.68,28.15,29.86,79.19,4200.0,23,112,0.0,47.31
40.13,50.75,1.73,773.85,55.74,35.62,42.47,33.98,4900.0,14,172,4.0,63.24
32.53,78.49,6.61,185.66,45.64,30.5,31.83,35.01,9200.0,7,114,0.0,45.19
28.28,87.91,1.07,0.0,34.26,27.13,28.49,47.69,8500.0,5,105,0.0,41.88
36.98,57.81,3.22,687.96,50.03,33.13,38.34,50.24,4200.0,9,143,0.0,57.3
28.77,86.32,0.59,0.0,35.46,27.45,29.07,64.04,3100.0,2,162,0.0,41.67
26.02,88.69,5.84,0.0,28.05,24.97,25.56,42.61,4900.0,18,90,0.0,33.65
34.69,72.26,0.77,457.08,50.48,33.21,36.83,76.13,8500.0,16,131,0.0,58.74
26.3,89.67,3.51,0.0,28.79,25.34,26.14,78.43,9200.0,6,108,0.0,39.1
28.68,89.62,0.73,66.68,35.88,27.92,29.33,62.3,8500.0,20,123,0.0,45.68
26.81,81.8,3.02,5.8,29.48,25.08,26.72,36.6,8500.0,19,169,0.0,33.9
28.09,78.47,1.16,2.42,32.1,25.99,28.27,74.52,4200.0,3,144,0.0,39.21
37.98,51.45,1.7,945.43,49.39,34.19,40.77,75.25,9200.0,13,107,3.0,62.84
28.68,88.04,0.67,0.0,35.55,27.53,28.97,77.12,9200.0,19,123,0.0,44.95
27.47,87.54,5.8,25.88,31.79,26.32,27.0,79.61,4900.0,21,178,0.0,40.0
39.21,53.42,0.75,883.41,54.58,36.48,42.66,73.79,8500.0,14,134,4.0,66.95
28.99,89.89,1.74,0.0,37.0,28.02,29.07,70.65,4200.0,23,95,0.0,45.1
28.48,76.18,0.5,245.63,32.65,27.16,29.91,46.21,9200.0,7,110,0.0,42.69
27.92,85.68,2.0,59.14,32.77,26.66,28.23,62.94,4900.0,20,159,0.0,40.69
39.65,55.72,4.52,736.59,57.83,35.2,40.35,57.16,4900.0,14,137,4.0,61.27
27.35,86.43,2.1,0.0,31.29,26.05,27.36,43.82,9200.0,21,128,0.0,36.66
31.25,85.61,4.1,0.0,43.88,29.8,30.74,62.28,8500.0,19,120,0.0,46.23
40.56,52.41,1.79,901.22,58.5,36.52,43.19,46.2,4200.0,13,99,3.0,66.46
38.47,61.05,0.85,524.77,57.49,35.52,40.8,62.88,4200.0,8,119,0.0,62.6
30.36,77.39,3.27,229.22,38.01,28.44,30.85,45.9,4900.0,7,107,0.0,42.53
32.84,68.58,4.17,406.91,42.37,30.05,33.38,62.57,3100.0,16,149,0.0,48.75
28.63,87.08,4.08,0.0,35.16,27.38,28.26,69.74,3100.0,1,177,0.0,43.16
26.93,83.12,0.5,9.59,29.87,25.36,27.26,76.77,4900.0,23,162,0.0,39.49
28.92,82.2,2.36,0.0,35.01,27.17,28.86,42.01,4900.0,2,104,0.0,38.73
29.3,71.36,1.25,269.76,33.68,27.12,30.5,77.54,3100.0,7,93,0.0,44.01
40.62,50.86,2.95,878.76,57.49,35.85,42.43,72.93,8500.0,11,152,1.0,67.41
28.13,87.65,2.0,0.0,33.74,26.95,28.16,82.7,9200.0,0,129,0.0,44.16
38.33,57.24,3.26,639.5,54.22,34.22,39.52,64.55,9200.0,9,98,0.0,58.76
28.73,87.95,0.56,4.78,35.69,27.59,29.08,64.26,4900.0,19,98,0.0,44.18
28.62,78.35,1.85,0.0,33.39,26.48,28.65,76.92,3100.0,2,115,0.0,41.43
27.79,84.79,4.27,0.0,32.28,26.33,27.43,61.34,9200.0,5,93,0.0,37.44
29.58,84.12,1.79,64.01,37.49,28.16,29.95,39.17,4200.0,6,170,0.0,42.18
30.98,87.2,3.39,50.48,43.48,29.79,30.89,38.82,8500.0,19,105,0.0,44.6
27.31,81.81,2.51,0.0,30.66,25.56,27.25,61.53,4900.0,22,104,0.0,38.52
29.81,75.47,1.05,227.14,35.9,27.99,30.95,63.96,9200.0,17,141,0.0,46.3
39.89,62.38,3.36,809.18,64.24,36.63,41.4,79.81,4900.0,10,158,0.0,69.34
29.83,82.92,7.93,34.24,37.98,28.17,28.7,78.79,3100.0,18,94,0.0,42.43
27.24,84.66,0.87,64.59,30.81,25.98,27.8,73.91,4900.0,4,109,0.0,41.38
29.34,87.43,3.27,39.23,37.59,28.18,29.29,57.62,3100.0,18,168,0.0,43.68
39.33,55.11,2.27,849.31,56.22,35.47,41.53,40.92,9200.0,10,107,0.0,63.47
28.53,78.26,0.5,0.0,33.15,26.38,28.81,69.66,4900.0,23,91,0.0,41.3
40.36,49.75,4.01,841.52,55.75,35.17,41.48,37.1,4900.0,11,102,1.0,60.59
37.62,55.64,2.08,667.66,50.81,33.67,39.51,37.9,4900.0,9,93,0.0,56.95
32.92,79.33,1.03,237.23,47.49,31.45,34.18,73.31,4900.0,7,131,0.0,55.75
30.41,80.86,4.33,0.0,39.22,28.48,29.88,77.58,3100.0,23,163,0.0,43.72
32.3,69.31,0.79,486.92,41.05,30.67,34.45,82.2,4200.0,8,150,0.0,53.97
27.64,83.15,3.9,0.0,31.64,26.01,27.34,74.26,8500.0,3,97,0.0,38.91
29.3,87.61,1.41,0.0,37.5,28.1,29.45,64.18,3100.0,4,156,0.0,44.29
29.02,81.56,2.62,71.93,35.15,27.34,29.22,71.21,3100.0,20,152,0.0,43.52
33.62,80.09,3.13,265.46,50.7,31.97,34.17,81.96,8500.0,7,98,0.0,55.22
26.01,86.47,3.88,0.0,27.94,24.75,25.81,46.74,4900.0,22,100,0.0,33.76
36.25,65.97,0.86,511.93,52.51,34.02,38.5,49.81,4900.0,8,131,0.0,57.59
40.26,57.76,3.76,772.16,61.76,36.2,41.42,35.69,4200.0,14,102,4.0,63.58
39.43,51.34,5.83,742.27,53.86,34.24,39.48,80.75,9200.0,14,125,4.0,62.19
35.78,59.34,0.5,610.43,47.09,33.67,38.62,79.37,3100.0,15,102,5.0,59.53
39.88,47.71,1.48,889.71,52.8,35.36,42.67,75.66,8500.0,13,101,3.0,64.98
27.9,76.71,3.35,257.31,31.37,26.03,28.53,43.67,4200.0,7,126,0.0,38.41
35.92,77.35,0.5,222.91,58.84,34.38,37.48,60.4,4200.0,17,163,7.0,59.39
37.31,58.28,2.47,660.36,51.43,33.62,38.99,41.16,8500.0,9,162,0.0,55.79
27.61,86.4,2.16,0.0,32.02,26.31,27.62,40.25,8500.0,19,141,0.0,35.95
27.38,78.95,3.62,4.99,30.49,25.35,27.16,40.61,8500.0,5,160,0.0,33.83
39.53,51.76,5.88,869.85,54.49,34.54,39.81,69.93,4200.0,11,91,1.0,61.16
27.69,80.58,1.51,0.0,31.42,25.8,27.78,40.11,4200.0,1,145,0.0,37.1
29.37,85.32,0.78,21.13,37.13,28.0,29.79,73.81,3100.0,6,149,0.0,45.25
37.56,59.3,1.68,665.62,52.94,34.27,39.7,32.32,9200.0,15,112,5.0,59.24
26.99,81.41,1.5,24.98,29.85,25.27,27.23,39.03,3100.0,2,129,0.0,36.13
42.05,43.92,1.72,924.44,56.79,36.59,44.74,69.54,8500.0,12,153,2.0,68.71
30.73,87.01,2.27,10.63,42.44,29.46,30.75,39.94,4900.0,2,174,0.0,45.56
32.91,72.31,3.83,207.14,44.18,30.27,33.05,79.0,4900.0,17,112,0.0,50.18
39.37,62.88,2.82,811.11,62.52,36.35,41.21,76.64,3100.0,10,118,0.0,68.29
37.24,82.42,2.81,299.03,69.44,35.85,37.95,32.94,8500.0,7,167,0.0,59.87
28.28,80.83,2.02,0.0,32.96,26.41,28.29,73.9,4900.0,5,179,0.0,39.92
26.75,81.52,4.95,27.2,29.32,25.02,26.46,64.44,4200.0,0,140,0.0,35.49
30.22,83.0,0.85,0.0,39.27,28.52,30.49,66.84,4200.0,0,158,0.0,45.96
28.42,88.75,4.95,0.0,34.85,27.34,27.91,66.52,4900.0,22,178,0.0,41.69
32.05,76.93,2.51,210.7,43.27,30.05,32.67,81.33,8500.0,7,120,0.0,51.76
26.54,85.35,5.06,0.0,29.12,25.16,26.13,34.52,4200.0,4,139,0.0,31.92
36.7,60.68,1.93,660.86,50.83,33.53,38.68,62.64,4900.0,15,109,5.0,57.72
40.62,59.21,5.52,845.79,64.49,36.63,40.99,37.83,4900.0,10,144,0.0,63.94
28.68,81.33,1.2,6.8,34.14,26.87,28.9,74.16,9200.0,4,170,0.0,42.94
26.01,82.3,3.15,29.8,27.77,24.39,26.03,40.34,9200.0,3,91,0.0,30.47
26.0,88.2,7.06,0.0,27.97,24.9,25.38,74.35,9200.0,5,114,0.0,34.97
40.01,54.85,1.52,903.1,58.44,36.56,42.86,76.56,4900.0,13,102,3.0,70.95
30.52,88.59,2.33,40.98,42.22,29.48,30.67,63.42,4900.0,21,159,0.0,48.01
32.02,87.01,2.33,43.8,47.59,30.8,32.17,73.07,9200.0,18,156,0.0,52.66
33.63,76.78,2.24,513.28,48.94,32.19,35.18,39.58,4900.0,8,147,0.0,54.66
41.81,56.95,5.74,868.65,67.31,37.41,41.99,71.05,8500.0,11,171,1.0,68.08
38.7,59.18,2.15,807.77,56.94,35.42,40.91,62.19,9200.0,10,164,0.0,64.12
41.31,48.56,2.22,961.76,58.04,36.52,43.76,42.83,3100.0,13,173,3.0,64.68
29.96,81.99,0.9,0.0,38.1,28.16,30.2,79.93,9200.0,22,153,0.0,45.94
35.11,55.14,1.77,639.31,43.11,31.35,37.1,66.09,4200.0,15,158,5.0,55.14
27.37,88.14,3.67,0.0,31.58,26.25,27.14,69.95,3100.0,0,172,0.0,40.06
43.17,50.33,3.7,999.81,66.35,38.1,44.7,74.01,9200.0,12,175,2.0,72.7
26.68,89.71,4.6,0.0,29.82,25.72,26.34,77.27,4200.0,22,148,0.0,39.7
28.26,81.35,5.51,0.0,33.0,26.44,27.64,43.55,8500.0,20,149,0.0,36.68
28.64,86.86,2.0,0.0,35.16,27.37,28.67,74.05,8500.0,20,172,0.0,42.74
42.52,49.02,2.87,887.49,62.69,37.32,44.35,72.64,4200.0,12,151,2.0,70.52
26.93,85.3,0.61,0.0,30.08,25.53,27.17,76.53,8500.0,1,105,0.0,41.03
26.85,81.91,1.19,13.31,29.57,25.15,27.08,34.11,4200.0,3,177,0.0,33.69
30.41,86.81,1.97,17.54,41.17,29.14,30.54,64.65,4200.0,5,157,0.0,46.96
28.81,80.53,2.63,34.15,34.34,26.96,28.87,78.08,3100.0,22,104,0.0,42.62
26.0,89.62,0.52,71.72,28.02,25.34,26.66,70.98,8500.0,4,178,0.0,40.36
28.95,86.07,0.66,41.16,35.97,27.75,29.49,34.99,4200.0,2,144,0.0,41.52
27.64,84.08,3.53,29.81,31.77,26.15,27.55,64.02,4200.0,0,124,0.0,39.88
28.93,88.32,1.06,7.6,36.43,27.83,29.21,41.34,3100.0,3,144,0.0,41.37
26.0,86.92,3.63,37.27,27.92,24.84,26.0,37.8,4900.0,19,103,0.0,32.66
27.4,87.39,3.22,0.0,31.56,26.2,27.23,70.24,3100.0,1,138,0.0,41.77
26.0,86.61,2.7,0.0,27.91,24.75,25.95,77.78,4200.0,4,172,0.0,38.22
29.26,86.23,1.41,0.0,36.99,27.91,29.4,40.65,3100.0,2,96,0.0,41.91
38.13,73.36,0.93,430.02,65.95,36.42,40.16,32.97,4200.0,8,119,0.0,63.19
28.63,85.11,4.73,0.0,34.76,27.19,28.13,75.43,3100.0,19,172,0.0,41.86
26.0,85.3,1.64,0.0,27.86,24.62,26.08,48.39,8500.0,5,138,0.0,35.19
31.35,75.85,2.36,154.69,40.54,29.15,31.84,38.57,9200.0,17,178,0.0,43.94
29.5,78.74,2.75,0.0,35.85,27.37,29.33,44.26,4900.0,5,105,0.0,38.53
26.0,82.46,5.99,0.0,27.76,24.34,25.5,73.22,4200.0,18,140,0.0,34.2
41.37,53.67,2.92,936.04,62.54,37.07,43.33,44.51,8500.0,11,161,1.0,65.78
41.07,53.11,3.61,806.56,60.93,36.34,42.33,78.37,4200.0,10,171,0.0,67.39
27.72,81.69,2.69,0.0,31.64,25.94,27.61,36.76,8500.0,1,169,0.0,36.06
38.61,51.34,1.01,813.96,51.25,35.0,41.59,34.53,8500.0,14,172,4.0,59.55
40.93,51.78,2.25,921.16,59.32,36.59,43.29,76.02,3100.0,11,131,1.0,68.8
37.46,51.11,0.5,950.74,47.66,35.53,41.37,59.03,4900.0,11,106,1.0,63.23
35.6,60.31,3.48,482.28,47.05,31.82,36.42,81.38,3100.0,8,152,0.0,54.84
28.64,88.24,2.15,3.37,35.44,27.51,28.67,42.23,8500.0,20,134,0.0,39.79
31.41,81.74,1.21,0.0,42.94,29.55,31.6,41.17,3100.0,23,166,0.0,45.75
27.24,86.99,2.85,5.55,31.08,26.02,27.18,38.63,3100.0,1,96,0.0,36.38
28.06,81.33,3.46,11.18,32.46,26.26,27.88,38.09,3100.0,21,116,0.0,36.41
31.12,84.49,2.53,53.91,42.95,29.66,31.25,70.21,8500.0,2,99,0.0,46.9
41.88,55.82,2.08,910.55,66.5,38.11,44.34,76.04,4900.0,11,123,1.0,72.55
36.07,64.98,1.8,711.08,51.25,33.66,38.28,68.6,4200.0,15,125,5.0,61.85
28.88,81.73,1.9,0.0,34.77,27.08,28.9,61.28,4200.0,20,114,0.0,40.81
28.22,87.61,3.37,81.67,34.0,27.17,28.34,44.0,4200.0,23,95,0.0,40.22
28.01,86.22,0.5,61.34,33.13,26.95,28.67,79.15,4900.0,0,113,0.0,45.88
27.32,79.12,3.32,26.94,30.37,25.34,27.25,49.96,4200.0,20,107,0.0,35.82
27.07,86.14,2.12,0.0,30.51,25.75,27.08,70.7,4200.0,2,176,0.0,40.08
26.42,84.0,2.69,0.0,28.75,24.91,26.35,40.66,4200.0,19,95,0.0,32.93
27.26,84.94,6.96,2.37,30.89,25.83,26.51,66.06,4900.0,1,118,0.0,35.86
33.34,59.18,2.69,493.91,40.08,29.7,34.57,43.41,8500.0,8,114,0.0,47.37
30.13,81.51,2.48,48.54,38.53,28.37,30.26,81.85,4200.0,18,144,0.0,46.16
40.88,53.53,2.31,897.48,60.57,36.73,43.15,50.54,3100.0,14,170,4.0,65.11
30.08,77.64,3.66,262.88,37.25,28.23,30.57,79.4,4900.0,17,135,0.0,46.68
41.52,57.32,1.38,823.56,66.48,38.21,44.3,43.66,4200.0,10,113,0.0,69.62
29.51,93.53,2.84,102.65,39.95,29.09,29.81,37.56,4200.0,22,164,0.0,45.56
37.46,57.4,2.89,745.32,51.37,33.69,39.11,39.17,9200.0,15,115,5.0,58.76
27.55,85.39,2.49,55.62,31.71,26.26,27.76,72.53,8500.0,21,117,0.0,40.92
36.57,71.94,2.33,451.02,57.8,34.3,37.86,44.22,3100.0,16,92,6.0,58.08
27.06,84.14,1.75,0.0,30.3,25.55,27.13,37.72,3100.0,4,164,0.0,36.33
41.11,47.31,2.04,930.04,56.38,36.15,43.59,75.18,3100.0,11,127,1.0,67.53
39.47,56.1,1.72,787.55,57.46,35.85,41.88,83.37,4200.0,10,150,0.0,67.36
39.68,52.29,0.6,850.18,55.38,36.97,43.22,77.32,9200.0,14,167,4.0,69.77
27.17,84.36,6.29,0.0,30.59,25.68,26.52,35.75,8500.0,2,140,0.0,33.71
30.69,88.27,2.81,0.62,42.76,29.54,30.53,56.99,4200.0,0,179,0.0,45.93
26.74,84.92,2.26,0.0,29.58,25.31,26.74,71.42,9200.0,19,137,0.0,38.91
39.16,59.84,3.01,697.97,59.18,35.49,40.61,59.07,8500.0,15,110,5.0,63.22
26.16,84.91,1.76,0.0,28.21,24.74,26.23,62.74,3100.0,1,143,0.0,37.69
30.04,85.15,1.58,0.0,39.31,28.57,30.14,69.89,4900.0,1,145,0.0,46.31
27.46,86.5,0.5,0.0,31.6,26.17,27.73,62.51,4200.0,2,148,0.0,41.56
34.52,73.93,3.53,243.84,50.78,32.07,34.81,76.6,8500.0,7,161,0.0,53.33
26.0,85.92,1.31,0.0,27.89,24.68,26.13,83.93,9200.0,23,140,0.0,40.12
37.73,48.56,4.91,820.58,47.03,32.48,38.5,76.93,4900.0,14,109,4.0,57.52
28.24,92.65,3.68,21.85,35.05,27.6,28.1,77.96,4900.0,6,175,0.0,42.44
28.74,91.19,1.77,48.59,36.45,28.02,29.07,66.97,4900.0,5,148,0.0,44.89
32.59,65.37,2.2,465.14,40.4,29.79,33.98,62.8,8500.0,8,160,0.0,48.49
27.05,82.64,2.56,27.35,30.11,25.44,27.13,33.28,4900.0,19,98,0.0,35.37
27.29,91.66,3.56,0.0,31.79,26.52,27.09,39.73,9200.0,0,90,0.0,38.45
33.53,72.26,3.68,207.4,46.29,30.87,33.7,41.18,3100.0,7,118,0.0,47.15
28.84,88.66,0.5,0.0,36.2,27.75,29.16,65.04,4200.0,22,152,0.0,43.97
28.65,84.65,1.33,18.7,34.72,27.21,28.92,73.01,9200.0,22,161,0.0,43.57
27.53,81.98,2.16,46.53,31.21,25.88,27.75,54.44,9200.0,2,145,0.0,37.65
26.0,87.69,3.3,17.19,27.95,24.88,25.97,47.29,4200.0,3,157,0.0,36.22
41.01,56.58,4.26,839.29,63.71,36.75,42.0,71.68,8500.0,14,124,4.0,67.54
26.0,87.51,3.42,41.77,27.94,24.9,26.05,66.81,4900.0,5,92,0.0,37.7
37.47,49.64,1.42,816.88,46.9,33.35,40.12,66.77,3100.0,14,96,4.0,58.54
26.1,82.65,2.39,0.0,27.98,24.46,26.08,49.03,9200.0,20,116,0.0,33.97
27.53,83.92,0.5,1.35,31.45,25.99,27.81,68.07,9200.0,2,90,0.0,40.88
27.02,89.0,3.46,15.78,30.69,26.01,26.93,67.68,4200.0,20,169,0.0,40.24
26.0,85.39,0.58,0.0,27.87,24.63,26.22,76.63,8500.0,20,160,0.0,38.12
38.14,51.01,3.24,883.38,49.59,33.56,39.86,38.32,4200.0,13,133,3.0,59.08
29.77,82.71,1.6,0.0,37.7,28.05,29.86,60.13,4900.0,19,176,0.0,42.39
41.02,50.56,1.66,856.19,58.64,36.63,43.62,60.5,9200.0,13,130,3.0,68.95
27.92,85.66,0.72,30.2,32.79,26.65,28.37,46.28,8500.0,3,164,0.0,39.98
43.69,50.58,2.78,983.06,68.61,38.81,45.77,77.45,3100.0,11,131,1.0,74.66
36.99,69.02,0.5,483.69,57.45,35.5,39.49,34.16,8500.0,16,122,6.0,59.6
27.94,76.4,0.82,16.31,31.42,25.68,28.26,43.59,3100.0,6,139,0.0,35.92
35.29,56.57,6.62,487.23,44.27,30.84,34.89,43.21,4200.0,8,152,0.0,46.76
29.24,82.32,3.87,0.0,35.97,27.49,28.87,76.61,4900.0,2,126,0.0,42.88
38.93,47.03,0.73,1050.0,49.53,35.89,42.83,62.03,4900.0,12,148,2.0,66.3
39.21,57.23,0.72,821.24,57.38,36.87,42.54,38.07,4900.0,14,170,4.0,64.91
33.27,75.78,1.23,313.85,47.06,31.54,34.68,36.68,3100.0,17,137,0.0,52.24
30.73,85.98,3.53,59.71,42.08,29.43,30.65,73.41,3100.0,18,94,0.0,46.82
27.32,86.43,2.16,0.0,31.22,26.03,27.32,60.92,9200.0,0,137,0.0,38.29
26.0,88.07,4.47,7.35,27.97,24.9,25.76,40.99,8500.0,5,92,0.0,35.33
27.33,88.91,1.64,48.83,31.55,26.4,27.68,49.0,8500.0,22,136,0.0,39.93
30.44,84.4,0.85,22.53,40.46,28.95,30.86,36.89,9200.0,1,151,0.0,44.17
29.05,83.12,1.78,0.0,35.59,27.39,29.11,41.15,9200.0,23,103,0.0,38.78
39.93,46.98,4.92,952.5,52.44,34.38,40.8,78.85,3100.0,13,152,3.0,63.49
29.47,87.86,2.16,41.05,38.14,28.37,29.67,39.34,9200.0,5,150,0.0,43.49
38.84,45.86,1.25,908.67,48.57,34.38,41.84,42.99,4900.0,13,120,3.0,62.12
26.0,81.9,2.17,2.27,27.74,24.29,26.02,74.72,3100.0,3,106,0.0,36.5
29.87,80.91,1.57,0.0,37.52,27.96,29.96,46.12,4900.0,20,113,0.0,43.26
35.15,75.56,4.33,202.31,54.29,32.77,35.01,76.63,4200.0,7,112,0.0,52.37
27.52,86.12,4.77,0.0,31.72,26.19,27.09,38.24,4900.0,2,171,0.0,35.56
26.77,83.44,2.21,54.42,29.51,25.3,27.02,36.42,3100.0,18,139,0.0,35.89
40.24,54.4,5.4,910.65,58.92,35.68,40.79,35.55,9200.0,13,167,3.0,61.95
27.9,83.64,2.98,0.0,32.4,26.32,27.75,63.31,4900.0,19,168,0.0,38.24
38.1,63.75,2.17,488.3,58.04,34.81,39.52,85.71,4200.0,16,168,6.0,63.02
31.14,74.66,0.81,227.12,39.49,29.28,32.41,67.0,4200.0,7,159,0.0,48.72
30.05,85.72,1.42,0.0,39.52,28.64,30.19,68.53,8500.0,23,116,0.0,45.49
41.32,50.27,5.82,896.89,59.47,35.98,41.51,64.87,3100.0,13,104,3.0,64.68
26.0,86.75,0.6,0.0,27.92,24.76,26.22,45.41,8500.0,5,139,0.0,36.38
27.49,81.58,2.25,0.0,31.06,25.71,27.47,42.8,9200.0,22,125,0.0,36.21
28.62,85.98,4.65,0.0,34.91,27.26,28.14,67.97,3100.0,21,97,0.0,42.61
36.95,56.32,2.88,601.21,49.08,32.82,38.27,74.86,8500.0,15,168,5.0,55.97
31.24,83.71,4.19,0.0,43.12,29.6,30.71,75.81,4200.0,18,92,0.0,46.34
39.42,51.14,2.28,900.24,53.67,35.06,41.71,36.51,4200.0,13,151,3.0,62.69
26.0,90.16,1.73,0.0,28.04,25.09,26.09,47.19,8500.0,18,136,0.0,35.53
30.98,88.01,0.64,11.73,43.81,29.84,31.43,60.92,4200.0,2,166,0.0,48.76
38.36,60.48,4.66,691.12,56.63,34.59,39.0,38.67,9200.0,9,177,0.0,60.09
30.16,88.13,5.39,0.0,40.69,28.99,29.43,66.56,9200.0,18,150,0.0,43.25
34.17,67.11,1.92,452.75,45.92,31.52,35.64,66.59,8500.0,8,121,0.0,54.6
28.39,84.61,0.74,0.0,33.93,26.89,28.64,81.31,3100.0,19,102,0.0,43.79
42.56,56.25,1.67,943.83,69.79,39.1,45.43,69.96,3100.0,12,90,2.0,74.44
28.72,84.96,2.86,0.0,35.01,27.26,28.58,38.61,4200.0,6,123,0.0,37.84
43.02,54.76,2.21,958.52,70.22,39.04,45.5,70.43,3100.0,13,151,3.0,74.44
32.06,69.12,1.15,446.33,40.27,30.03,33.88,77.04,8500.0,8,168,0.0,52.38
29.97,84.91,3.74,0.0,39.0,28.47,29.6,36.74,3100.0,22,167,0.0,39.89
27.11,86.07,1.24,0.0,30.62,25.79,27.26,42.09,8500.0,18,171,0.0,38.43
40.12,52.49,2.91,830.15,57.0,35.57,41.86,39.31,4900.0,14,160,4.0,60.08
27.67,85.02,3.19,0.0,31.99,26.23,27.5,36.96,4200.0,19,120,0.0,36.33
40.99,54.24,3.27,886.78,61.57,36.63,42.63,73.83,3100.0,13,153,3.0,69.08
28.28,88.86,2.17,0.0,34.44,27.22,28.29,39.01,3100.0,23,114,0.0,39.25
27.92,81.78,2.0,0.0,32.18,26.15,27.94,35.53,3100.0,5,127,0.0,36.34
26.0,85.57,4.55,0.0,27.87,24.65,25.7,75.13,3100.0,20,103,0.0,36.27
26.0,87.44,2.17,3.9,27.94,24.84,26.05,80.07,8500.0,3,97,0.0,39.95
33.07,78.81,3.09,285.93,47.8,31.33,33.7,49.67,8500.0,7,143,0.0,51.15
32.14,68.93,2.01,472.19,40.42,29.83,33.64,83.45,4200.0,16,91,0.0,52.48
34.24,69.87,3.13,483.29,47.55,31.76,35.3,70.54,4900.0,8,170,0.0,55.08
28.78,86.22,0.95,22.68,35.45,27.51,29.15,70.25,9200.0,0,167,0.0,44.29
30.73,81.23,5.91,0.0,40.39,28.83,29.8,37.78,4900.0,23,178,0.0,39.81
30.92,80.77,5.84,0.0,40.88,28.97,29.99,65.66,8500.0,19,145,0.0,42.74
36.9,50.34,2.52,814.2,45.68,32.42,38.89,46.06,4200.0,13,173,3.0,55.22
37.85,50.39,0.5,780.93,48.39,35.06,41.24,38.11,4200.0,10,174,0.0,60.82
28.57,76.99,1.17,26.25,33.01,26.36,28.88,37.65,4900.0,20,150,0.0,36.38
27.05,85.26,0.75,0.0,30.37,25.64,27.27,44.88,8500.0,2,111,0.0,37.11
34.65,72.89,1.39,503.39,50.69,32.97,36.56,83.91,8500.0,8,124,0.0,60.19
44.39,46.72,4.95,901.0,67.34,38.24,44.83,48.32,4200.0,13,105,3.0,69.91
37.75,67.74,4.54,457.6,59.63,34.65,37.99,61.76,8500.0,8,139,0.0,60.69
28.15,82.47,0.94,0.0,32.89,26.44,28.35,82.37,3100.0,3,132,0.0,42.05
26.95,81.44,0.67,0.0,29.76,25.17,27.17,35.6,3100.0,3,106,0.0,34.23
30.77,71.45,0.83,308.96,37.41,28.83,32.29,37.93,8500.0,7,169,0.0,44.93
28.29,86.84,4.85,20.8,34.07,27.05,27.9,85.39,9200.0,1,147,0.0,42.2
34.55,57.33,2.33,476.07,42.55,30.62,35.86,73.85,9200.0,8,91,0.0,52.72
41.76,54.54,0.71,965.36,64.83,39.35,45.56,43.66,3100.0,13,93,3.0,72.25
30.55,93.87,3.13,0.0,44.31,29.98,30.33,81.76,3100.0,21,174,0.0,51.79
33.86,67.26,4.57,553.71,44.98,31.04,34.54,44.62,3100.0,8,128,0.0,50.21
30.37,86.81,2.03,0.0,41.05,29.07,30.39,42.91,9200.0,23,95,0.0,44.88
28.68,87.74,7.12,9.05,35.47,27.51,27.78,56.93,9200.0,22,170,0.0,39.53
38.29,60.51,3.84,684.13,56.37,34.61,39.31,63.19,3100.0,15,178,5.0,61.32
34.01,63.79,0.59,441.11,43.87,31.71,36.17,41.75,3100.0,16,158,0.0,51.43
38.18,59.96,4.41,720.39,55.58,34.42,39.01,43.48,3100.0,15,158,5.0,59.57
38.76,49.67,3.92,947.25,50.64,33.89,40.23,76.31,4200.0,11,109,1.0,61.68
26.0,82.99,1.01,75.33,27.78,24.62,26.55,69.95,8500.0,2,153,0.0,38.17
41.81,52.27,1.15,828.52,62.96,37.93,44.77,35.56,9200.0,10,105,0.0,66.39
40.95,55.05,1.09,875.87,62.12,37.76,44.09,38.24,3100.0,13,140,3.0,67.89
32.64,79.52,1.81,234.92,46.54,31.03,33.58,71.92,4200.0,17,126,0.0,53.06
27.65,79.97,0.84,35.47,31.24,25.82,28.07,42.91,4900.0,20,162,0.0,39.14
29.34,80.39,1.45,0.0,35.8,27.39,29.45,74.01,8500.0,20,158,0.0,44.19
28.09,85.94,2.07,17.77,33.3,26.77,28.2,61.41,4900.0,4,131,0.0,41.51
35.95,59.49,5.67,644.47,47.72,32.07,36.22,75.97,4200.0,15,146,5.0,57.08
27.53,79.35,6.19,33.28,30.87,25.56,26.99,39.5,4200.0,19,155,0.0,33.19
27.44,82.29,2.14,0.0,31.03,25.74,27.44,39.86,4200.0,4,98,0.0,36.0
28.39,81.2,4.23,4.17,33.33,26.56,28.02,70.62,9200.0,2,175,0.0,39.76
39.21,49.54,1.75,915.52,51.94,34.92,41.88,44.43,4900.0,11,153,1.0,62.33
26.75,81.33,1.39,27.13,29.3,25.03,27.02,62.73,4200.0,0,175,0.0,35.64
27.3,92.04,2.39,0.0,31.88,26.57,27.29,45.34,9200.0,20,111,0.0,38.55
34.78,60.67,3.64,442.01,44.72,31.02,35.47,71.66,3100.0,8,123,0.0,52.09
36.34,64.3,7.25,496.28,51.81,32.79,35.65,73.51,8500.0,8,144,0.0,56.01
26.53,83.16,2.03,14.22,28.95,24.96,26.64,44.57,4900.0,3,118,0.0,35.34
28.36,88.28,2.88,1.31,34.58,27.24,28.25,74.34,9200.0,2,127,0.0,42.36
34.89,73.41,2.23,466.84,51.93,32.92,36.29,41.29,9200.0,16,107,0.0,55.21
26.37,78.81,0.89,16.63,28.34,24.4,26.66,36.43,3100.0,1,160,0.0,32.71
26.41,91.24,1.86,13.41,29.18,25.63,26.56,70.23,4900.0,23,154,0.0,39.3
29.37,84.63,4.96,0.0,36.94,27.86,28.77,47.12,4200.0,0,90,0.0,39.73
32.31,75.2,5.42,199.07,43.43,29.96,32.0,74.12,8500.0,7,177,0.0,47.33
41.54,49.06,1.55,932.94,59.22,37.11,44.41,74.41,4900.0,12,93,2.0,69.4
29.01,89.75,1.73,1.48,37.06,28.03,29.12,43.45,4200.0,22,93,0.0,43.19
37.71,56.12,1.42,788.87,51.38,34.42,40.32,76.75,4900.0,14,171,4.0,64.31
28.75,81.6,0.5,290.8,34.39,28.18,30.38,62.79,9200.0,7,116,0.0,44.9
40.86,53.9,1.89,979.33,60.81,37.13,43.62,35.77,8500.0,11,132,1.0,66.57
28.86,82.71,1.92,4.31,34.93,27.17,28.92,74.29,4200.0,21,148,0.0,43.01
42.18,55.76,6.02,861.07,67.68,37.53,42.15,38.01,4900.0,11,121,1.0,66.98
40.04,55.13,2.67,892.52,58.77,36.07,42.09,80.17,3100.0,13,122,3.0,68.55
41.23,62.73,0.89,887.9,70.46,39.44,44.66,61.52,8500.0,14,117,4.0,73.43
41.08,55.42,1.27,761.48,62.96,37.45,43.76,74.91,4900.0,14,144,4.0,70.37
34.5,65.69,6.58,470.73,46.29,31.23,34.21,66.57,3100.0,8,149,0.0,50.22
28.23,86.63,2.49,67.93,33.86,27.08,28.48,44.38,4200.0,18,159,0.0,40.63
28.55,82.03,5.38,6.06,33.91,26.8,27.96,72.1,8500.0,19,151,0.0,39.58
27.31,82.35,3.17,0.0,30.72,25.62,27.15,76.63,4900.0,21,169,0.0,39.61
29.99,79.4,2.24,224.57,37.46,28.37,30.77,60.63,8500.0,7,123,0.0,45.4
27.37,80.19,1.21,0.0,30.59,25.45,27.51,62.29,9200.0,20,176,0.0,38.34
27.59,92.2,3.97,0.0,32.82,26.87,27.31,78.74,3100.0,18,177,0.0,42.25
26.0,88.45,4.56,83.03,27.98,25.04,26.03,73.73,3100.0,5,145,0.0,37.79
31.53,87.81,2.24,0.0,45.95,30.32,31.5,81.55,4200.0,19,102,0.0,50.28
27.6,83.78,2.59,35.29,31.62,26.1,27.7,63.73,3100.0,18,145,0.0,39.83
27.58,76.16,3.7,0.0,30.59,25.25,27.29,71.16,3100.0,3,107,0.0,36.35
28.43,82.86,1.8,0.0,33.73,26.76,28.48,68.14,4900.0,22,143,0.0,40.77
29.57,89.65,5.88,0.0,39.01,28.57,28.79,74.83,3100.0,6,166,0.0,44.56
28.4,90.67,2.13,0.0,35.19,27.52,28.42,72.12,9200.0,3,132,0.0,42.83
27.63,78.56,2.77,0.0,31.01,25.54,27.51,80.67,4900.0,21,128,0.0,39.44
40.77,47.52,8.5,1002.48,55.45,34.96,39.81,76.62,4900.0,11,150,1.0,63.78
42.48,46.95,3.82,923.97,60.68,36.78,43.77,43.67,9200.0,12,131,2.0,66.5
31.75,80.58,4.89,17.54,43.72,29.78,31.09,58.12,4900.0,2,170,0.0,44.0
27.15,89.44,5.38,0.0,31.09,26.15,26.66,76.82,3100.0,21,168,0.0,38.85
39.94,54.07,1.03,922.58,57.59,36.9,43.24,44.37,9200.0,11,107,1.0,66.35
30.8,89.48,1.57,5.26,43.65,29.78,30.97,58.65,8500.0,1,112,0.0,49.3
27.9,80.35,4.01,0.0,31.91,25.99,27.56,45.9,3100.0,23,143,0.0,36.11
26.79,80.91,1.11,0.0,29.35,24.96,26.94,72.75,4900.0,1,119,0.0,37.88
28.76,82.78,1.99,0.0,34.64,27.07,28.77,69.36,4200.0,22,147,0.0,42.03
34.16,64.78,2.1,519.34,44.78,31.33,35.73,37.02,4900.0,8,157,0.0,51.68
27.75,78.64,2.68,52.22,31.31,25.77,27.89,66.9,4200.0,0,156,0.0,39.34
31.34,80.53,3.27,262.91,42.23,29.79,31.9,69.3,4200.0,7,160,0.0,48.75
29.09,88.36,1.77,22.49,36.96,28.01,29.3,72.77,4900.0,22,107,0.0,45.39
28.83,83.88,2.51,13.82,35.08,27.27,28.83,38.76,4900.0,5,96,0.0,40.03
29.66,89.04,2.45,0.0,39.16,28.6,29.6,61.01,4900.0,5,129,0.0,44.78
26.82,87.37,1.38,0.0,29.97,25.62,26.95,75.31,9200.0,21,159,0.0,40.33
30.71,68.75,2.16,296.74,36.49,28.06,31.68,37.45,9200.0,17,175,0.0,41.21
36.09,59.51,3.63,465.06,48.17,32.13,36.78,47.52,9200.0,16,154,6.0,53.56
39.68,46.08,5.53,975.82,51.12,33.98,40.29,63.54,3100.0,11,157,1.0,60.64
29.41,82.74,1.33,72.92,36.58,27.89,29.92,45.54,8500.0,5,138,0.0,42.2
28.7,76.53,2.23,282.43,33.25,26.94,29.66,45.57,4200.0,7,141,0.0,40.02
29.81,80.19,1.68,0.0,37.14,27.83,29.88,71.55,9200.0,18,118,0.0,43.75
34.47,60.09,4.35,725.3,43.54,31.0,35.55,39.78,8500.0,9,110,0.0,49.77
30.55,81.77,2.58,6.53,39.99,28.73,30.46,40.94,8500.0,0,179,0.0,43.54
41.56,44.23,1.71,955.04,55.48,36.29,44.33,72.55,4200.0,12,167,2.0,68.31
38.26,74.03,5.5,445.93,67.15,35.86,38.05,38.42,8500.0,16,98,6.0,59.55
28.29,81.93,3.43,0.0,33.18,26.53,28.04,68.23,8500.0,2,136,0.0,39.77
30.19,71.57,2.35,187.96,35.9,27.64,30.79,46.44,3100.0,7,165,0.0,42.56
41.28,45.68,2.09,924.3,55.69,36.0,43.7,37.38,9200.0,13,131,3.0,65.21
26.0,86.34,3.26,0.05,27.9,24.72,25.87,82.89,9200.0,2,140,0.0,37.01
39.15,55.82,2.59,699.06,56.11,35.02,40.82,48.02,8500.0,15,145,5.0,60.95
43.09,48.75,1.42,976.01,64.52,38.67,46.19,44.96,9200.0,12,140,2.0,70.87
28.52,84.16,5.31,32.0,34.23,27.02,28.06,44.9,8500.0,19,159,0.0,39.78
27.84,86.48,0.66,0.0,32.69,26.55,28.1,68.5,9200.0,23,109,0.0,42.01
33.46,72.28,2.37,471.56,46.03,31.39,34.82,36.44,8500.0,16,177,0.0,50.97
43.42,44.33,0.8,1033.91,61.59,39.23,47.27,46.23,4900.0,12,116,2.0,70.48
26.85,86.83,3.9,0.0,30.02,25.61,26.6,44.57,3100.0,5,127,0.0,35.08
35.44,63.58,2.82,462.53,48.26,32.13,36.51,74.89,4200.0,16,161,6.0,56.0
42.37,58.69,8.5,954.05,71.5,38.08,41.17,30.02,4200.0,13,154,3.0,64.84
35.58,70.14,3.58,430.03,52.62,32.93,36.28,43.68,8500.0,16,143,6.0,53.82
29.17,77.35,1.75,230.12,34.63,27.43,30.1,70.29,8500.0,7,113,0.0,43.3
42.52,52.8,1.09,794.18,66.18,38.62,45.45,55.24,3100.0,10,136,0.0,70.38
28.58,77.55,1.5,0.0,33.14,26.36,28.67,43.76,3100.0,19,160,0.0,35.96
29.79,83.61,5.03,11.25,38.01,28.18,29.21,41.23,8500.0,0,172,0.0,39.93
28.05,86.67,3.79,0.0,33.32,26.77,27.76,76.47,9200.0,6,175,0.0,41.61
26.71,86.99,2.34,0.0,29.67,25.48,26.7,44.09,3100.0,20,152,0.0,37.47
26.42,82.37,1.51,38.12,28.64,24.83,26.72,56.66,4200.0,20,146,0.0,35.5
35.4,65.85,0.77,462.6,49.4,33.13,37.54,60.84,4200.0,16,144,6.0,56.53
38.1,53.7,6.67,719.55,51.14,33.29,37.85,66.43,4200.0,9,149,0.0,57.33
38.4,53.3,4.1,852.72,51.85,33.93,39.62,59.41,8500.0,10,151,0.0,60.21
28.1,85.72,1.84,0.0,33.31,26.73,28.16,72.55,4900.0,21,119,0.0,43.48
33.89,64.02,5.32,417.36,43.59,30.44,33.97,38.6,4900.0,8,111,0.0,47.08
35.81,74.47,0.5,478.25,56.35,35.02,38.28,60.52,9200.0,8,164,0.0,61.25
30.02,83.49,2.72,35.87,38.75,28.44,30.05,37.86,8500.0,23,173,0.0,42.79
31.62,85.02,3.1,0.0,45.07,30.1,31.35,60.35,9200.0,4,118,0.0,46.53
38.41,69.92,1.17,504.28,64.28,36.31,40.49,78.88,4200.0,16,130,6.0,65.04
37.7,66.74,2.21,440.0,58.69,34.72,38.99,75.75,8500.0,8,131,0.0,62.45
34.87,69.91,3.34,521.58,49.83,32.4,35.92,42.22,3100.0,16,154,0.0,53.79
29.6,79.61,0.57,2.24,36.37,27.57,29.92,41.23,8500.0,23,120,0.0,42.15
26.0,93.55,2.32,6.97,28.17,25.43,26.07,37.59,9200.0,20,119,0.0,35.88
27.09,82.82,1.18,0.0,30.23,25.45,27.24,38.24,4900.0,18,107,0.0,36.32
27.54,80.23,0.5,0.0,31.01,25.62,27.8,77.28,4200.0,6,106,0.0,39.51
27.27,86.2,2.75,4.69,31.07,25.97,27.22,63.82,4200.0,22,127,0.0,39.3
35.08,64.31,0.5,546.53,47.48,33.38,37.71,38.83,9200.0,8,103,0.0,54.96
26.0,87.73,3.52,0.0,27.95,24.86,25.84,40.02,4900.0,6,176,0.0,33.32
44.06,40.43,1.7,960.47,60.22,37.83,46.82,40.55,9200.0,12,178,2.0,69.78
40.92,54.46,3.64,839.77,61.52,36.46,42.26,45.68,9200.0,10,168,0.0,65.51
43.58,50.03,3.44,929.99,67.62,38.36,45.1,36.44,4900.0,13,145,3.0,68.07
26.29,89.28,0.63,0.0,28.75,25.29,26.53,80.23,4900.0,18,111,0.0,40.52
44.22,53.44,3.67,873.51,73.93,39.36,45.48,45.84,8500.0,10,156,0.0,71.27
42.15,49.08,2.05,960.31,61.38,37.43,44.7,55.9,9200.0,12,145,2.0,68.51
40.75,48.02,2.31,919.34,55.76,35.8,43.03,77.02,9200.0,13,108,3.0,68.16
42.61,48.91,1.88,961.1,62.9,37.9,45.29,77.81,9200.0,12,146,2.0,72.57
29.89,84.83,0.68,27.36,38.7,28.48,30.37,40.11,8500.0,0,133,0.0,42.82
33.57,80.21,1.46,209.62,50.53,32.0,34.56,74.26,4900.0,7,124,0.0,54.77
39.56,48.04,6.38,911.58,52.02,34.01,39.64,39.68,4200.0,11,90,1.0,58.51
26.46,80.73,1.8,1.89,28.63,24.62,26.52,62.24,4200.0,18,141,0.0,36.07
36.3,52.9,2.65,970.52,45.31,32.49,38.6,70.71,4900.0,11,174,1.0,59.05
33.83,76.18,1.51,257.26,49.39,31.91,34.95,59.66,9200.0,7,159,0.0,53.5
33.61,70.41,4.33,282.22,45.67,30.81,33.75,75.0,4900.0,7,126,0.0,50.83
26.73,85.84,3.71,40.88,29.63,25.46,26.7,37.81,4900.0,20,154,0.0,34.45
38.31,47.22,1.03,962.29,47.89,34.54,41.65,73.35,4200.0,12,140,2.0,64.31
41.89,52.1,2.22,948.86,63.1,37.57,44.32,56.39,4900.0,11,90,1.0,69.41
38.66,63.52,0.73,694.93,60.1,36.76,41.63,78.49,4200.0,15,110,5.0,68.17
31.7,86.86,1.78,0.0,46.22,30.39,31.78,36.85,4200.0,0,142,0.0,46.0
39.98,50.62,4.35,996.92,55.14,35.13,41.26,75.15,4200.0,12,105,2.0,65.66
31.07,78.64,2.27,0.0,40.61,28.88,30.99,61.36,4900.0,6,150,0.0,44.63
26.2,74.34,0.89,22.46,27.79,23.81,26.5,41.72,9200.0,4,143,0.0,32.93
32.73,71.64,5.34,283.39,43.29,30.07,32.6,63.84,4900.0,7,129,0.0,47.67
41.83,51.83,0.5,933.88,62.66,39.53,45.82,77.86,3100.0,13,115,3.0,73.14
27.66,88.9,4.28,15.76,32.54,26.64,27.4,74.58,4900.0,22,169,0.0,40.19
41.09,55.78,0.5,943.93,63.31,39.49,45.11,40.96,8500.0,12,154,2.0,69.53
41.02,54.16,1.04,863.46,61.65,37.72,44.17,35.16,4200.0,14,163,4.0,67.29
27.29,81.85,4.46,0.0,30.61,25.55,26.92,74.08,9200.0,22,153,0.0,37.51
33.65,66.25,5.24,479.53,43.87,30.58,33.93,45.64,4900.0,16,132,0.0,48.29
38.31,58.94,5.48,867.48,55.34,34.48,38.92,62.08,8500.0,14,106,4.0,62.59
30.62,87.21,0.5,0.0,42.1,29.35,30.99,40.48,4900.0,19,148,0.0,46.07
35.62,76.23,3.31,183.97,56.73,33.32,35.8,40.62,4200.0,17,112,7.0,52.21
32.42,72.33,3.48,278.03,42.6,29.94,32.89,41.62,8500.0,17,96,0.0,44.94
29.42,87.49,1.45,35.28,37.89,28.29,29.76,39.4,8500.0,1,133,0.0,41.66
28.33,88.25,1.61,65.43,34.45,27.35,28.75,51.04,4200.0,3,142,0.0,42.41
28.82,80.91,1.38,0.0,34.43,26.94,28.94,68.62,3100.0,0,160,0.0,41.29
28.05,87.69,4.73,0.0,33.51,26.88,27.6,45.25,4900.0,3,168,0.0,38.39
31.61,75.32,4.85,222.21,41.16,29.34,31.57,64.34,4900.0,17,123,0.0,45.42
27.6,81.92,3.73,0.0,31.37,25.85,27.32,43.33,4200.0,4,135,0.0,36.05
26.58,78.77,4.77,0.0,28.75,24.54,26.19,38.05,4900.0,18,157,0.0,31.81
39.74,53.96,3.09,821.44,56.8,35.39,41.38,63.71,4200.0,14,167,4.0,65.23
32.25,74.8,3.2,250.31,43.04,30.02,32.75,72.89,4900.0,7,167,0.0,50.05
27.82,87.49,1.29,0.0,32.77,26.62,27.97,36.04,3100.0,19,105,0.0,38.22
30.85,64.29,0.5,419.02,35.61,28.86,32.93,75.83,4900.0,16,160,0.0,47.94
30.7,87.74,1.82,0.0,42.6,29.49,30.77,58.43,8500.0,0,108,0.0,46.22
39.36,57.28,1.9,927.84,57.94,36.12,42.0,35.86,3100.0,11,91,1.0,66.29
27.03,83.72,1.83,0.0,30.16,25.47,27.08,61.95,8500.0,18,99,0.0,36.92
42.48,46.2,0.96,807.35,60.03,37.71,45.52,43.4,3100.0,14,139,4.0,68.91
34.39,66.22,1.32,443.35,46.18,31.8,36.12,56.46,4900.0,8,170,0.0,53.93
29.35,89.95,4.88,16.43,38.3,28.41,28.88,84.44,4200.0,6,101,0.0,44.95
26.48,88.16,2.93,26.62,29.16,25.42,26.53,66.23,4900.0,1,159,0.0,37.2
35.09,62.21,0.5,465.5,46.42,32.78,37.44,50.64,4900.0,8,111,0.0,53.97
34.91,58.8,0.5,638.32,44.22,32.91,37.81,79.08,4900.0,9,121,0.0,57.89
26.99,84.63,3.46,0.0,30.16,25.53,26.79,45.66,8500.0,1,173,0.0,35.71
28.5,83.06,2.52,0.0,33.95,26.84,28.41,37.35,3100.0,18,90,0.0,39.1
39.82,58.07,3.16,713.97,60.33,35.86,41.2,85.66,4200.0,10,143,0.0,69.07
41.25,43.59,1.33,882.16,54.05,36.0,44.12,75.96,8500.0,12,147,2.0,65.97
36.27,56.5,3.45,663.53,47.08,32.23,37.49,76.2,4200.0,9,159,0.0,57.59
